ISO-10303-21;
HEADER;
FILE_DESCRIPTION(('FreeCAD Model'),'2;1');
FILE_NAME('Open CASCADE Shape Model','2026-10-06T01:36:14',('FreeCAD'),(
    'FreeCAD'),'Open CASCADE STEP processor 7.9','FreeCAD','Unknown');
FILE_SCHEMA(('AUTOMOTIVE_DESIGN { 1 0 10303 214 1 1 1 1 }'));
ENDSEC;
DATA;
#1 = APPLICATION_PROTOCOL_DEFINITION('international standard',
  'automotive_design',2000,#2);
#2 = APPLICATION_CONTEXT(
  'core data for automotive mechanical design processes');
#3 = SHAPE_DEFINITION_REPRESENTATION(#4,#10);
#4 = PRODUCT_DEFINITION_SHAPE('','',#5);
#5 = PRODUCT_DEFINITION('design','',#6,#9);
#6 = PRODUCT_DEFINITION_FORMATION('','',#7);
#7 = PRODUCT('Open CASCADE STEP translator 7.9 3',
  'Open CASCADE STEP translator 7.9 3','',(#8));
#8 = PRODUCT_CONTEXT('',#2,'mechanical');
#9 = PRODUCT_DEFINITION_CONTEXT('part definition',#2,'design');
#10 = SHAPE_REPRESENTATION('',(#11,#15,#301,#723,#1281,#1975,#2805,#3771
    ,#4873),#6111);
#11 = AXIS2_PLACEMENT_3D('',#12,#13,#14);
#12 = CARTESIAN_POINT('',(0.,0.,0.));
#13 = DIRECTION('',(0.,0.,1.));
#14 = DIRECTION('',(1.,0.,-0.));
#15 = MANIFOLD_SOLID_BREP('',#16);
#16 = CLOSED_SHELL('',(#17,#57,#88,#146,#170,#221,#233,#255,#272,#289));
#17 = ADVANCED_FACE('',(#18),#52,.F.);
#18 = FACE_BOUND('',#19,.F.);
#19 = EDGE_LOOP('',(#20,#30,#38,#46));
#20 = ORIENTED_EDGE('',*,*,#21,.F.);
#21 = EDGE_CURVE('',#22,#24,#26,.T.);
#22 = VERTEX_POINT('',#23);
#23 = CARTESIAN_POINT('',(0.,0.,0.));
#24 = VERTEX_POINT('',#25);
#25 = CARTESIAN_POINT('',(0.,0.,1.2));
#26 = LINE('',#27,#28);
#27 = CARTESIAN_POINT('',(0.,0.,0.));
#28 = VECTOR('',#29,1.);
#29 = DIRECTION('',(0.,0.,1.));
#30 = ORIENTED_EDGE('',*,*,#31,.T.);
#31 = EDGE_CURVE('',#22,#32,#34,.T.);
#32 = VERTEX_POINT('',#33);
#33 = CARTESIAN_POINT('',(0.,20.,0.));
#34 = LINE('',#35,#36);
#35 = CARTESIAN_POINT('',(0.,0.,0.));
#36 = VECTOR('',#37,1.);
#37 = DIRECTION('',(-0.,1.,0.));
#38 = ORIENTED_EDGE('',*,*,#39,.T.);
#39 = EDGE_CURVE('',#32,#40,#42,.T.);
#40 = VERTEX_POINT('',#41);
#41 = CARTESIAN_POINT('',(0.,20.,1.2));
#42 = LINE('',#43,#44);
#43 = CARTESIAN_POINT('',(0.,20.,0.));
#44 = VECTOR('',#45,1.);
#45 = DIRECTION('',(0.,0.,1.));
#46 = ORIENTED_EDGE('',*,*,#47,.F.);
#47 = EDGE_CURVE('',#24,#40,#48,.T.);
#48 = LINE('',#49,#50);
#49 = CARTESIAN_POINT('',(0.,0.,1.2));
#50 = VECTOR('',#51,1.);
#51 = DIRECTION('',(-0.,1.,0.));
#52 = PLANE('',#53);
#53 = AXIS2_PLACEMENT_3D('',#54,#55,#56);
#54 = CARTESIAN_POINT('',(0.,0.,0.));
#55 = DIRECTION('',(1.,0.,-0.));
#56 = DIRECTION('',(0.,0.,1.));
#57 = ADVANCED_FACE('',(#58),#83,.F.);
#58 = FACE_BOUND('',#59,.F.);
#59 = EDGE_LOOP('',(#60,#68,#69,#77));
#60 = ORIENTED_EDGE('',*,*,#61,.F.);
#61 = EDGE_CURVE('',#22,#62,#64,.T.);
#62 = VERTEX_POINT('',#63);
#63 = CARTESIAN_POINT('',(20.,0.,0.));
#64 = LINE('',#65,#66);
#65 = CARTESIAN_POINT('',(0.,0.,0.));
#66 = VECTOR('',#67,1.);
#67 = DIRECTION('',(1.,0.,-0.));
#68 = ORIENTED_EDGE('',*,*,#21,.T.);
#69 = ORIENTED_EDGE('',*,*,#70,.T.);
#70 = EDGE_CURVE('',#24,#71,#73,.T.);
#71 = VERTEX_POINT('',#72);
#72 = CARTESIAN_POINT('',(20.,0.,1.2));
#73 = LINE('',#74,#75);
#74 = CARTESIAN_POINT('',(0.,0.,1.2));
#75 = VECTOR('',#76,1.);
#76 = DIRECTION('',(1.,0.,-0.));
#77 = ORIENTED_EDGE('',*,*,#78,.F.);
#78 = EDGE_CURVE('',#62,#71,#79,.T.);
#79 = LINE('',#80,#81);
#80 = CARTESIAN_POINT('',(20.,0.,0.));
#81 = VECTOR('',#82,1.);
#82 = DIRECTION('',(0.,0.,1.));
#83 = PLANE('',#84);
#84 = AXIS2_PLACEMENT_3D('',#85,#86,#87);
#85 = CARTESIAN_POINT('',(0.,0.,0.));
#86 = DIRECTION('',(-0.,1.,0.));
#87 = DIRECTION('',(0.,0.,1.));
#88 = ADVANCED_FACE('',(#89,#107),#141,.T.);
#89 = FACE_BOUND('',#90,.T.);
#90 = EDGE_LOOP('',(#91,#92,#93,#101));
#91 = ORIENTED_EDGE('',*,*,#47,.F.);
#92 = ORIENTED_EDGE('',*,*,#70,.T.);
#93 = ORIENTED_EDGE('',*,*,#94,.T.);
#94 = EDGE_CURVE('',#71,#95,#97,.T.);
#95 = VERTEX_POINT('',#96);
#96 = CARTESIAN_POINT('',(20.,20.,1.2));
#97 = LINE('',#98,#99);
#98 = CARTESIAN_POINT('',(20.,0.,1.2));
#99 = VECTOR('',#100,1.);
#100 = DIRECTION('',(-0.,1.,0.));
#101 = ORIENTED_EDGE('',*,*,#102,.F.);
#102 = EDGE_CURVE('',#40,#95,#103,.T.);
#103 = LINE('',#104,#105);
#104 = CARTESIAN_POINT('',(0.,20.,1.2));
#105 = VECTOR('',#106,1.);
#106 = DIRECTION('',(1.,0.,-0.));
#107 = FACE_BOUND('',#108,.T.);
#108 = EDGE_LOOP('',(#109,#119,#127,#135));
#109 = ORIENTED_EDGE('',*,*,#110,.T.);
#110 = EDGE_CURVE('',#111,#113,#115,.T.);
#111 = VERTEX_POINT('',#112);
#112 = CARTESIAN_POINT('',(2.5,17.5,1.2));
#113 = VERTEX_POINT('',#114);
#114 = CARTESIAN_POINT('',(1.5,17.5,1.2));
#115 = LINE('',#116,#117);
#116 = CARTESIAN_POINT('',(0.75,17.5,1.2));
#117 = VECTOR('',#118,1.);
#118 = DIRECTION('',(-1.,-0.,0.));
#119 = ORIENTED_EDGE('',*,*,#120,.T.);
#120 = EDGE_CURVE('',#113,#121,#123,.T.);
#121 = VERTEX_POINT('',#122);
#122 = CARTESIAN_POINT('',(1.5,19.5,1.2));
#123 = LINE('',#124,#125);
#124 = CARTESIAN_POINT('',(1.5,8.75,1.2));
#125 = VECTOR('',#126,1.);
#126 = DIRECTION('',(-0.,1.,0.));
#127 = ORIENTED_EDGE('',*,*,#128,.F.);
#128 = EDGE_CURVE('',#129,#121,#131,.T.);
#129 = VERTEX_POINT('',#130);
#130 = CARTESIAN_POINT('',(2.5,19.5,1.2));
#131 = LINE('',#132,#133);
#132 = CARTESIAN_POINT('',(0.75,19.5,1.2));
#133 = VECTOR('',#134,1.);
#134 = DIRECTION('',(-1.,-0.,0.));
#135 = ORIENTED_EDGE('',*,*,#136,.F.);
#136 = EDGE_CURVE('',#111,#129,#137,.T.);
#137 = LINE('',#138,#139);
#138 = CARTESIAN_POINT('',(2.5,8.75,1.2));
#139 = VECTOR('',#140,1.);
#140 = DIRECTION('',(-0.,1.,0.));
#141 = PLANE('',#142);
#142 = AXIS2_PLACEMENT_3D('',#143,#144,#145);
#143 = CARTESIAN_POINT('',(0.,0.,1.2));
#144 = DIRECTION('',(0.,0.,1.));
#145 = DIRECTION('',(1.,0.,-0.));
#146 = ADVANCED_FACE('',(#147),#165,.T.);
#147 = FACE_BOUND('',#148,.T.);
#148 = EDGE_LOOP('',(#149,#157,#158,#159));
#149 = ORIENTED_EDGE('',*,*,#150,.F.);
#150 = EDGE_CURVE('',#32,#151,#153,.T.);
#151 = VERTEX_POINT('',#152);
#152 = CARTESIAN_POINT('',(20.,20.,0.));
#153 = LINE('',#154,#155);
#154 = CARTESIAN_POINT('',(0.,20.,0.));
#155 = VECTOR('',#156,1.);
#156 = DIRECTION('',(1.,0.,-0.));
#157 = ORIENTED_EDGE('',*,*,#39,.T.);
#158 = ORIENTED_EDGE('',*,*,#102,.T.);
#159 = ORIENTED_EDGE('',*,*,#160,.F.);
#160 = EDGE_CURVE('',#151,#95,#161,.T.);
#161 = LINE('',#162,#163);
#162 = CARTESIAN_POINT('',(20.,20.,0.));
#163 = VECTOR('',#164,1.);
#164 = DIRECTION('',(0.,0.,1.));
#165 = PLANE('',#166);
#166 = AXIS2_PLACEMENT_3D('',#167,#168,#169);
#167 = CARTESIAN_POINT('',(0.,20.,0.));
#168 = DIRECTION('',(-0.,1.,0.));
#169 = DIRECTION('',(0.,0.,1.));
#170 = ADVANCED_FACE('',(#171,#182),#216,.F.);
#171 = FACE_BOUND('',#172,.F.);
#172 = EDGE_LOOP('',(#173,#174,#175,#181));
#173 = ORIENTED_EDGE('',*,*,#31,.F.);
#174 = ORIENTED_EDGE('',*,*,#61,.T.);
#175 = ORIENTED_EDGE('',*,*,#176,.T.);
#176 = EDGE_CURVE('',#62,#151,#177,.T.);
#177 = LINE('',#178,#179);
#178 = CARTESIAN_POINT('',(20.,0.,0.));
#179 = VECTOR('',#180,1.);
#180 = DIRECTION('',(-0.,1.,0.));
#181 = ORIENTED_EDGE('',*,*,#150,.F.);
#182 = FACE_BOUND('',#183,.F.);
#183 = EDGE_LOOP('',(#184,#194,#202,#210));
#184 = ORIENTED_EDGE('',*,*,#185,.T.);
#185 = EDGE_CURVE('',#186,#188,#190,.T.);
#186 = VERTEX_POINT('',#187);
#187 = CARTESIAN_POINT('',(2.5,17.5,0.));
#188 = VERTEX_POINT('',#189);
#189 = CARTESIAN_POINT('',(1.5,17.5,0.));
#190 = LINE('',#191,#192);
#191 = CARTESIAN_POINT('',(0.75,17.5,0.));
#192 = VECTOR('',#193,1.);
#193 = DIRECTION('',(-1.,-0.,0.));
#194 = ORIENTED_EDGE('',*,*,#195,.T.);
#195 = EDGE_CURVE('',#188,#196,#198,.T.);
#196 = VERTEX_POINT('',#197);
#197 = CARTESIAN_POINT('',(1.5,19.5,0.));
#198 = LINE('',#199,#200);
#199 = CARTESIAN_POINT('',(1.5,8.75,0.));
#200 = VECTOR('',#201,1.);
#201 = DIRECTION('',(-0.,1.,0.));
#202 = ORIENTED_EDGE('',*,*,#203,.F.);
#203 = EDGE_CURVE('',#204,#196,#206,.T.);
#204 = VERTEX_POINT('',#205);
#205 = CARTESIAN_POINT('',(2.5,19.5,0.));
#206 = LINE('',#207,#208);
#207 = CARTESIAN_POINT('',(0.75,19.5,0.));
#208 = VECTOR('',#209,1.);
#209 = DIRECTION('',(-1.,-0.,0.));
#210 = ORIENTED_EDGE('',*,*,#211,.F.);
#211 = EDGE_CURVE('',#186,#204,#212,.T.);
#212 = LINE('',#213,#214);
#213 = CARTESIAN_POINT('',(2.5,8.75,0.));
#214 = VECTOR('',#215,1.);
#215 = DIRECTION('',(-0.,1.,0.));
#216 = PLANE('',#217);
#217 = AXIS2_PLACEMENT_3D('',#218,#219,#220);
#218 = CARTESIAN_POINT('',(0.,0.,0.));
#219 = DIRECTION('',(0.,0.,1.));
#220 = DIRECTION('',(1.,0.,-0.));
#221 = ADVANCED_FACE('',(#222),#228,.T.);
#222 = FACE_BOUND('',#223,.T.);
#223 = EDGE_LOOP('',(#224,#225,#226,#227));
#224 = ORIENTED_EDGE('',*,*,#78,.F.);
#225 = ORIENTED_EDGE('',*,*,#176,.T.);
#226 = ORIENTED_EDGE('',*,*,#160,.T.);
#227 = ORIENTED_EDGE('',*,*,#94,.F.);
#228 = PLANE('',#229);
#229 = AXIS2_PLACEMENT_3D('',#230,#231,#232);
#230 = CARTESIAN_POINT('',(20.,0.,0.));
#231 = DIRECTION('',(1.,0.,-0.));
#232 = DIRECTION('',(0.,0.,1.));
#233 = ADVANCED_FACE('',(#234),#250,.T.);
#234 = FACE_BOUND('',#235,.T.);
#235 = EDGE_LOOP('',(#236,#242,#243,#249));
#236 = ORIENTED_EDGE('',*,*,#237,.F.);
#237 = EDGE_CURVE('',#186,#111,#238,.T.);
#238 = LINE('',#239,#240);
#239 = CARTESIAN_POINT('',(2.5,17.5,-0.5));
#240 = VECTOR('',#241,1.);
#241 = DIRECTION('',(0.,0.,1.));
#242 = ORIENTED_EDGE('',*,*,#185,.T.);
#243 = ORIENTED_EDGE('',*,*,#244,.T.);
#244 = EDGE_CURVE('',#188,#113,#245,.T.);
#245 = LINE('',#246,#247);
#246 = CARTESIAN_POINT('',(1.5,17.5,-0.5));
#247 = VECTOR('',#248,1.);
#248 = DIRECTION('',(0.,0.,1.));
#249 = ORIENTED_EDGE('',*,*,#110,.F.);
#250 = PLANE('',#251);
#251 = AXIS2_PLACEMENT_3D('',#252,#253,#254);
#252 = CARTESIAN_POINT('',(1.5,17.5,-0.5));
#253 = DIRECTION('',(-0.,1.,0.));
#254 = DIRECTION('',(0.,0.,1.));
#255 = ADVANCED_FACE('',(#256),#267,.F.);
#256 = FACE_BOUND('',#257,.F.);
#257 = EDGE_LOOP('',(#258,#259,#260,#266));
#258 = ORIENTED_EDGE('',*,*,#237,.F.);
#259 = ORIENTED_EDGE('',*,*,#211,.T.);
#260 = ORIENTED_EDGE('',*,*,#261,.T.);
#261 = EDGE_CURVE('',#204,#129,#262,.T.);
#262 = LINE('',#263,#264);
#263 = CARTESIAN_POINT('',(2.5,19.5,-0.5));
#264 = VECTOR('',#265,1.);
#265 = DIRECTION('',(0.,0.,1.));
#266 = ORIENTED_EDGE('',*,*,#136,.F.);
#267 = PLANE('',#268);
#268 = AXIS2_PLACEMENT_3D('',#269,#270,#271);
#269 = CARTESIAN_POINT('',(2.5,17.5,-0.5));
#270 = DIRECTION('',(1.,0.,-0.));
#271 = DIRECTION('',(0.,0.,1.));
#272 = ADVANCED_FACE('',(#273),#284,.F.);
#273 = FACE_BOUND('',#274,.F.);
#274 = EDGE_LOOP('',(#275,#276,#277,#283));
#275 = ORIENTED_EDGE('',*,*,#261,.F.);
#276 = ORIENTED_EDGE('',*,*,#203,.T.);
#277 = ORIENTED_EDGE('',*,*,#278,.T.);
#278 = EDGE_CURVE('',#196,#121,#279,.T.);
#279 = LINE('',#280,#281);
#280 = CARTESIAN_POINT('',(1.5,19.5,-0.5));
#281 = VECTOR('',#282,1.);
#282 = DIRECTION('',(0.,0.,1.));
#283 = ORIENTED_EDGE('',*,*,#128,.F.);
#284 = PLANE('',#285);
#285 = AXIS2_PLACEMENT_3D('',#286,#287,#288);
#286 = CARTESIAN_POINT('',(1.5,19.5,-0.5));
#287 = DIRECTION('',(-0.,1.,0.));
#288 = DIRECTION('',(0.,0.,1.));
#289 = ADVANCED_FACE('',(#290),#296,.T.);
#290 = FACE_BOUND('',#291,.T.);
#291 = EDGE_LOOP('',(#292,#293,#294,#295));
#292 = ORIENTED_EDGE('',*,*,#244,.F.);
#293 = ORIENTED_EDGE('',*,*,#195,.T.);
#294 = ORIENTED_EDGE('',*,*,#278,.T.);
#295 = ORIENTED_EDGE('',*,*,#120,.F.);
#296 = PLANE('',#297);
#297 = AXIS2_PLACEMENT_3D('',#298,#299,#300);
#298 = CARTESIAN_POINT('',(1.5,17.5,-0.5));
#299 = DIRECTION('',(1.,0.,-0.));
#300 = DIRECTION('',(0.,0.,1.));
#301 = MANIFOLD_SOLID_BREP('',#302);
#302 = CLOSED_SHELL('',(#303,#343,#374,#466,#490,#575,#587,#609,#626,
    #643,#655,#677,#694,#711));
#303 = ADVANCED_FACE('',(#304),#338,.F.);
#304 = FACE_BOUND('',#305,.F.);
#305 = EDGE_LOOP('',(#306,#316,#324,#332));
#306 = ORIENTED_EDGE('',*,*,#307,.F.);
#307 = EDGE_CURVE('',#308,#310,#312,.T.);
#308 = VERTEX_POINT('',#309);
#309 = CARTESIAN_POINT('',(22.,0.,0.));
#310 = VERTEX_POINT('',#311);
#311 = CARTESIAN_POINT('',(22.,0.,1.3));
#312 = LINE('',#313,#314);
#313 = CARTESIAN_POINT('',(22.,0.,0.));
#314 = VECTOR('',#315,1.);
#315 = DIRECTION('',(0.,0.,1.));
#316 = ORIENTED_EDGE('',*,*,#317,.T.);
#317 = EDGE_CURVE('',#308,#318,#320,.T.);
#318 = VERTEX_POINT('',#319);
#319 = CARTESIAN_POINT('',(22.,20.,0.));
#320 = LINE('',#321,#322);
#321 = CARTESIAN_POINT('',(22.,0.,0.));
#322 = VECTOR('',#323,1.);
#323 = DIRECTION('',(-0.,1.,0.));
#324 = ORIENTED_EDGE('',*,*,#325,.T.);
#325 = EDGE_CURVE('',#318,#326,#328,.T.);
#326 = VERTEX_POINT('',#327);
#327 = CARTESIAN_POINT('',(22.,20.,1.3));
#328 = LINE('',#329,#330);
#329 = CARTESIAN_POINT('',(22.,20.,0.));
#330 = VECTOR('',#331,1.);
#331 = DIRECTION('',(0.,0.,1.));
#332 = ORIENTED_EDGE('',*,*,#333,.F.);
#333 = EDGE_CURVE('',#310,#326,#334,.T.);
#334 = LINE('',#335,#336);
#335 = CARTESIAN_POINT('',(22.,0.,1.3));
#336 = VECTOR('',#337,1.);
#337 = DIRECTION('',(-0.,1.,0.));
#338 = PLANE('',#339);
#339 = AXIS2_PLACEMENT_3D('',#340,#341,#342);
#340 = CARTESIAN_POINT('',(22.,0.,0.));
#341 = DIRECTION('',(1.,0.,-0.));
#342 = DIRECTION('',(0.,0.,1.));
#343 = ADVANCED_FACE('',(#344),#369,.F.);
#344 = FACE_BOUND('',#345,.F.);
#345 = EDGE_LOOP('',(#346,#354,#355,#363));
#346 = ORIENTED_EDGE('',*,*,#347,.F.);
#347 = EDGE_CURVE('',#308,#348,#350,.T.);
#348 = VERTEX_POINT('',#349);
#349 = CARTESIAN_POINT('',(42.,0.,0.));
#350 = LINE('',#351,#352);
#351 = CARTESIAN_POINT('',(22.,0.,0.));
#352 = VECTOR('',#353,1.);
#353 = DIRECTION('',(1.,0.,-0.));
#354 = ORIENTED_EDGE('',*,*,#307,.T.);
#355 = ORIENTED_EDGE('',*,*,#356,.T.);
#356 = EDGE_CURVE('',#310,#357,#359,.T.);
#357 = VERTEX_POINT('',#358);
#358 = CARTESIAN_POINT('',(42.,0.,1.3));
#359 = LINE('',#360,#361);
#360 = CARTESIAN_POINT('',(22.,0.,1.3));
#361 = VECTOR('',#362,1.);
#362 = DIRECTION('',(1.,0.,-0.));
#363 = ORIENTED_EDGE('',*,*,#364,.F.);
#364 = EDGE_CURVE('',#348,#357,#365,.T.);
#365 = LINE('',#366,#367);
#366 = CARTESIAN_POINT('',(42.,0.,0.));
#367 = VECTOR('',#368,1.);
#368 = DIRECTION('',(0.,0.,1.));
#369 = PLANE('',#370);
#370 = AXIS2_PLACEMENT_3D('',#371,#372,#373);
#371 = CARTESIAN_POINT('',(22.,0.,0.));
#372 = DIRECTION('',(-0.,1.,0.));
#373 = DIRECTION('',(0.,0.,1.));
#374 = ADVANCED_FACE('',(#375,#393,#427),#461,.T.);
#375 = FACE_BOUND('',#376,.T.);
#376 = EDGE_LOOP('',(#377,#378,#379,#387));
#377 = ORIENTED_EDGE('',*,*,#333,.F.);
#378 = ORIENTED_EDGE('',*,*,#356,.T.);
#379 = ORIENTED_EDGE('',*,*,#380,.T.);
#380 = EDGE_CURVE('',#357,#381,#383,.T.);
#381 = VERTEX_POINT('',#382);
#382 = CARTESIAN_POINT('',(42.,20.,1.3));
#383 = LINE('',#384,#385);
#384 = CARTESIAN_POINT('',(42.,0.,1.3));
#385 = VECTOR('',#386,1.);
#386 = DIRECTION('',(-0.,1.,0.));
#387 = ORIENTED_EDGE('',*,*,#388,.F.);
#388 = EDGE_CURVE('',#326,#381,#389,.T.);
#389 = LINE('',#390,#391);
#390 = CARTESIAN_POINT('',(22.,20.,1.3));
#391 = VECTOR('',#392,1.);
#392 = DIRECTION('',(1.,0.,-0.));
#393 = FACE_BOUND('',#394,.T.);
#394 = EDGE_LOOP('',(#395,#405,#413,#421));
#395 = ORIENTED_EDGE('',*,*,#396,.T.);
#396 = EDGE_CURVE('',#397,#399,#401,.T.);
#397 = VERTEX_POINT('',#398);
#398 = CARTESIAN_POINT('',(24.5,17.5,1.3));
#399 = VERTEX_POINT('',#400);
#400 = CARTESIAN_POINT('',(23.5,17.5,1.3));
#401 = LINE('',#402,#403);
#402 = CARTESIAN_POINT('',(22.75,17.5,1.3));
#403 = VECTOR('',#404,1.);
#404 = DIRECTION('',(-1.,-0.,0.));
#405 = ORIENTED_EDGE('',*,*,#406,.T.);
#406 = EDGE_CURVE('',#399,#407,#409,.T.);
#407 = VERTEX_POINT('',#408);
#408 = CARTESIAN_POINT('',(23.5,19.5,1.3));
#409 = LINE('',#410,#411);
#410 = CARTESIAN_POINT('',(23.5,8.75,1.3));
#411 = VECTOR('',#412,1.);
#412 = DIRECTION('',(-0.,1.,0.));
#413 = ORIENTED_EDGE('',*,*,#414,.F.);
#414 = EDGE_CURVE('',#415,#407,#417,.T.);
#415 = VERTEX_POINT('',#416);
#416 = CARTESIAN_POINT('',(24.5,19.5,1.3));
#417 = LINE('',#418,#419);
#418 = CARTESIAN_POINT('',(22.75,19.5,1.3));
#419 = VECTOR('',#420,1.);
#420 = DIRECTION('',(-1.,-0.,0.));
#421 = ORIENTED_EDGE('',*,*,#422,.F.);
#422 = EDGE_CURVE('',#397,#415,#423,.T.);
#423 = LINE('',#424,#425);
#424 = CARTESIAN_POINT('',(24.5,8.75,1.3));
#425 = VECTOR('',#426,1.);
#426 = DIRECTION('',(-0.,1.,0.));
#427 = FACE_BOUND('',#428,.T.);
#428 = EDGE_LOOP('',(#429,#439,#447,#455));
#429 = ORIENTED_EDGE('',*,*,#430,.T.);
#430 = EDGE_CURVE('',#431,#433,#435,.T.);
#431 = VERTEX_POINT('',#432);
#432 = CARTESIAN_POINT('',(26.3,17.5,1.3));
#433 = VERTEX_POINT('',#434);
#434 = CARTESIAN_POINT('',(25.3,17.5,1.3));
#435 = LINE('',#436,#437);
#436 = CARTESIAN_POINT('',(23.65,17.5,1.3));
#437 = VECTOR('',#438,1.);
#438 = DIRECTION('',(-1.,-0.,0.));
#439 = ORIENTED_EDGE('',*,*,#440,.T.);
#440 = EDGE_CURVE('',#433,#441,#443,.T.);
#441 = VERTEX_POINT('',#442);
#442 = CARTESIAN_POINT('',(25.3,19.5,1.3));
#443 = LINE('',#444,#445);
#444 = CARTESIAN_POINT('',(25.3,8.75,1.3));
#445 = VECTOR('',#446,1.);
#446 = DIRECTION('',(-0.,1.,0.));
#447 = ORIENTED_EDGE('',*,*,#448,.F.);
#448 = EDGE_CURVE('',#449,#441,#451,.T.);
#449 = VERTEX_POINT('',#450);
#450 = CARTESIAN_POINT('',(26.3,19.5,1.3));
#451 = LINE('',#452,#453);
#452 = CARTESIAN_POINT('',(23.65,19.5,1.3));
#453 = VECTOR('',#454,1.);
#454 = DIRECTION('',(-1.,-0.,0.));
#455 = ORIENTED_EDGE('',*,*,#456,.F.);
#456 = EDGE_CURVE('',#431,#449,#457,.T.);
#457 = LINE('',#458,#459);
#458 = CARTESIAN_POINT('',(26.3,8.75,1.3));
#459 = VECTOR('',#460,1.);
#460 = DIRECTION('',(-0.,1.,0.));
#461 = PLANE('',#462);
#462 = AXIS2_PLACEMENT_3D('',#463,#464,#465);
#463 = CARTESIAN_POINT('',(22.,0.,1.3));
#464 = DIRECTION('',(0.,0.,1.));
#465 = DIRECTION('',(1.,0.,-0.));
#466 = ADVANCED_FACE('',(#467),#485,.T.);
#467 = FACE_BOUND('',#468,.T.);
#468 = EDGE_LOOP('',(#469,#477,#478,#479));
#469 = ORIENTED_EDGE('',*,*,#470,.F.);
#470 = EDGE_CURVE('',#318,#471,#473,.T.);
#471 = VERTEX_POINT('',#472);
#472 = CARTESIAN_POINT('',(42.,20.,0.));
#473 = LINE('',#474,#475);
#474 = CARTESIAN_POINT('',(22.,20.,0.));
#475 = VECTOR('',#476,1.);
#476 = DIRECTION('',(1.,0.,-0.));
#477 = ORIENTED_EDGE('',*,*,#325,.T.);
#478 = ORIENTED_EDGE('',*,*,#388,.T.);
#479 = ORIENTED_EDGE('',*,*,#480,.F.);
#480 = EDGE_CURVE('',#471,#381,#481,.T.);
#481 = LINE('',#482,#483);
#482 = CARTESIAN_POINT('',(42.,20.,0.));
#483 = VECTOR('',#484,1.);
#484 = DIRECTION('',(0.,0.,1.));
#485 = PLANE('',#486);
#486 = AXIS2_PLACEMENT_3D('',#487,#488,#489);
#487 = CARTESIAN_POINT('',(22.,20.,0.));
#488 = DIRECTION('',(-0.,1.,0.));
#489 = DIRECTION('',(0.,0.,1.));
#490 = ADVANCED_FACE('',(#491,#502,#536),#570,.F.);
#491 = FACE_BOUND('',#492,.F.);
#492 = EDGE_LOOP('',(#493,#494,#495,#501));
#493 = ORIENTED_EDGE('',*,*,#317,.F.);
#494 = ORIENTED_EDGE('',*,*,#347,.T.);
#495 = ORIENTED_EDGE('',*,*,#496,.T.);
#496 = EDGE_CURVE('',#348,#471,#497,.T.);
#497 = LINE('',#498,#499);
#498 = CARTESIAN_POINT('',(42.,0.,0.));
#499 = VECTOR('',#500,1.);
#500 = DIRECTION('',(-0.,1.,0.));
#501 = ORIENTED_EDGE('',*,*,#470,.F.);
#502 = FACE_BOUND('',#503,.F.);
#503 = EDGE_LOOP('',(#504,#514,#522,#530));
#504 = ORIENTED_EDGE('',*,*,#505,.T.);
#505 = EDGE_CURVE('',#506,#508,#510,.T.);
#506 = VERTEX_POINT('',#507);
#507 = CARTESIAN_POINT('',(24.5,17.5,0.));
#508 = VERTEX_POINT('',#509);
#509 = CARTESIAN_POINT('',(23.5,17.5,0.));
#510 = LINE('',#511,#512);
#511 = CARTESIAN_POINT('',(22.75,17.5,0.));
#512 = VECTOR('',#513,1.);
#513 = DIRECTION('',(-1.,-0.,0.));
#514 = ORIENTED_EDGE('',*,*,#515,.T.);
#515 = EDGE_CURVE('',#508,#516,#518,.T.);
#516 = VERTEX_POINT('',#517);
#517 = CARTESIAN_POINT('',(23.5,19.5,0.));
#518 = LINE('',#519,#520);
#519 = CARTESIAN_POINT('',(23.5,8.75,0.));
#520 = VECTOR('',#521,1.);
#521 = DIRECTION('',(-0.,1.,0.));
#522 = ORIENTED_EDGE('',*,*,#523,.F.);
#523 = EDGE_CURVE('',#524,#516,#526,.T.);
#524 = VERTEX_POINT('',#525);
#525 = CARTESIAN_POINT('',(24.5,19.5,0.));
#526 = LINE('',#527,#528);
#527 = CARTESIAN_POINT('',(22.75,19.5,0.));
#528 = VECTOR('',#529,1.);
#529 = DIRECTION('',(-1.,-0.,0.));
#530 = ORIENTED_EDGE('',*,*,#531,.F.);
#531 = EDGE_CURVE('',#506,#524,#532,.T.);
#532 = LINE('',#533,#534);
#533 = CARTESIAN_POINT('',(24.5,8.75,0.));
#534 = VECTOR('',#535,1.);
#535 = DIRECTION('',(-0.,1.,0.));
#536 = FACE_BOUND('',#537,.F.);
#537 = EDGE_LOOP('',(#538,#548,#556,#564));
#538 = ORIENTED_EDGE('',*,*,#539,.T.);
#539 = EDGE_CURVE('',#540,#542,#544,.T.);
#540 = VERTEX_POINT('',#541);
#541 = CARTESIAN_POINT('',(26.3,17.5,0.));
#542 = VERTEX_POINT('',#543);
#543 = CARTESIAN_POINT('',(25.3,17.5,0.));
#544 = LINE('',#545,#546);
#545 = CARTESIAN_POINT('',(23.65,17.5,0.));
#546 = VECTOR('',#547,1.);
#547 = DIRECTION('',(-1.,-0.,0.));
#548 = ORIENTED_EDGE('',*,*,#549,.T.);
#549 = EDGE_CURVE('',#542,#550,#552,.T.);
#550 = VERTEX_POINT('',#551);
#551 = CARTESIAN_POINT('',(25.3,19.5,0.));
#552 = LINE('',#553,#554);
#553 = CARTESIAN_POINT('',(25.3,8.75,0.));
#554 = VECTOR('',#555,1.);
#555 = DIRECTION('',(-0.,1.,0.));
#556 = ORIENTED_EDGE('',*,*,#557,.F.);
#557 = EDGE_CURVE('',#558,#550,#560,.T.);
#558 = VERTEX_POINT('',#559);
#559 = CARTESIAN_POINT('',(26.3,19.5,0.));
#560 = LINE('',#561,#562);
#561 = CARTESIAN_POINT('',(23.65,19.5,0.));
#562 = VECTOR('',#563,1.);
#563 = DIRECTION('',(-1.,-0.,0.));
#564 = ORIENTED_EDGE('',*,*,#565,.F.);
#565 = EDGE_CURVE('',#540,#558,#566,.T.);
#566 = LINE('',#567,#568);
#567 = CARTESIAN_POINT('',(26.3,8.75,0.));
#568 = VECTOR('',#569,1.);
#569 = DIRECTION('',(-0.,1.,0.));
#570 = PLANE('',#571);
#571 = AXIS2_PLACEMENT_3D('',#572,#573,#574);
#572 = CARTESIAN_POINT('',(22.,0.,0.));
#573 = DIRECTION('',(0.,0.,1.));
#574 = DIRECTION('',(1.,0.,-0.));
#575 = ADVANCED_FACE('',(#576),#582,.T.);
#576 = FACE_BOUND('',#577,.T.);
#577 = EDGE_LOOP('',(#578,#579,#580,#581));
#578 = ORIENTED_EDGE('',*,*,#364,.F.);
#579 = ORIENTED_EDGE('',*,*,#496,.T.);
#580 = ORIENTED_EDGE('',*,*,#480,.T.);
#581 = ORIENTED_EDGE('',*,*,#380,.F.);
#582 = PLANE('',#583);
#583 = AXIS2_PLACEMENT_3D('',#584,#585,#586);
#584 = CARTESIAN_POINT('',(42.,0.,0.));
#585 = DIRECTION('',(1.,0.,-0.));
#586 = DIRECTION('',(0.,0.,1.));
#587 = ADVANCED_FACE('',(#588),#604,.T.);
#588 = FACE_BOUND('',#589,.T.);
#589 = EDGE_LOOP('',(#590,#596,#597,#603));
#590 = ORIENTED_EDGE('',*,*,#591,.F.);
#591 = EDGE_CURVE('',#506,#397,#592,.T.);
#592 = LINE('',#593,#594);
#593 = CARTESIAN_POINT('',(24.5,17.5,-0.5));
#594 = VECTOR('',#595,1.);
#595 = DIRECTION('',(0.,0.,1.));
#596 = ORIENTED_EDGE('',*,*,#505,.T.);
#597 = ORIENTED_EDGE('',*,*,#598,.T.);
#598 = EDGE_CURVE('',#508,#399,#599,.T.);
#599 = LINE('',#600,#601);
#600 = CARTESIAN_POINT('',(23.5,17.5,-0.5));
#601 = VECTOR('',#602,1.);
#602 = DIRECTION('',(0.,0.,1.));
#603 = ORIENTED_EDGE('',*,*,#396,.F.);
#604 = PLANE('',#605);
#605 = AXIS2_PLACEMENT_3D('',#606,#607,#608);
#606 = CARTESIAN_POINT('',(23.5,17.5,-0.5));
#607 = DIRECTION('',(-0.,1.,0.));
#608 = DIRECTION('',(0.,0.,1.));
#609 = ADVANCED_FACE('',(#610),#621,.F.);
#610 = FACE_BOUND('',#611,.F.);
#611 = EDGE_LOOP('',(#612,#613,#614,#620));
#612 = ORIENTED_EDGE('',*,*,#591,.F.);
#613 = ORIENTED_EDGE('',*,*,#531,.T.);
#614 = ORIENTED_EDGE('',*,*,#615,.T.);
#615 = EDGE_CURVE('',#524,#415,#616,.T.);
#616 = LINE('',#617,#618);
#617 = CARTESIAN_POINT('',(24.5,19.5,-0.5));
#618 = VECTOR('',#619,1.);
#619 = DIRECTION('',(0.,0.,1.));
#620 = ORIENTED_EDGE('',*,*,#422,.F.);
#621 = PLANE('',#622);
#622 = AXIS2_PLACEMENT_3D('',#623,#624,#625);
#623 = CARTESIAN_POINT('',(24.5,17.5,-0.5));
#624 = DIRECTION('',(1.,0.,-0.));
#625 = DIRECTION('',(0.,0.,1.));
#626 = ADVANCED_FACE('',(#627),#638,.T.);
#627 = FACE_BOUND('',#628,.T.);
#628 = EDGE_LOOP('',(#629,#630,#631,#637));
#629 = ORIENTED_EDGE('',*,*,#598,.F.);
#630 = ORIENTED_EDGE('',*,*,#515,.T.);
#631 = ORIENTED_EDGE('',*,*,#632,.T.);
#632 = EDGE_CURVE('',#516,#407,#633,.T.);
#633 = LINE('',#634,#635);
#634 = CARTESIAN_POINT('',(23.5,19.5,-0.5));
#635 = VECTOR('',#636,1.);
#636 = DIRECTION('',(0.,0.,1.));
#637 = ORIENTED_EDGE('',*,*,#406,.F.);
#638 = PLANE('',#639);
#639 = AXIS2_PLACEMENT_3D('',#640,#641,#642);
#640 = CARTESIAN_POINT('',(23.5,17.5,-0.5));
#641 = DIRECTION('',(1.,0.,-0.));
#642 = DIRECTION('',(0.,0.,1.));
#643 = ADVANCED_FACE('',(#644),#650,.F.);
#644 = FACE_BOUND('',#645,.F.);
#645 = EDGE_LOOP('',(#646,#647,#648,#649));
#646 = ORIENTED_EDGE('',*,*,#615,.F.);
#647 = ORIENTED_EDGE('',*,*,#523,.T.);
#648 = ORIENTED_EDGE('',*,*,#632,.T.);
#649 = ORIENTED_EDGE('',*,*,#414,.F.);
#650 = PLANE('',#651);
#651 = AXIS2_PLACEMENT_3D('',#652,#653,#654);
#652 = CARTESIAN_POINT('',(23.5,19.5,-0.5));
#653 = DIRECTION('',(-0.,1.,0.));
#654 = DIRECTION('',(0.,0.,1.));
#655 = ADVANCED_FACE('',(#656),#672,.T.);
#656 = FACE_BOUND('',#657,.T.);
#657 = EDGE_LOOP('',(#658,#664,#665,#671));
#658 = ORIENTED_EDGE('',*,*,#659,.F.);
#659 = EDGE_CURVE('',#540,#431,#660,.T.);
#660 = LINE('',#661,#662);
#661 = CARTESIAN_POINT('',(26.3,17.5,-0.5));
#662 = VECTOR('',#663,1.);
#663 = DIRECTION('',(0.,0.,1.));
#664 = ORIENTED_EDGE('',*,*,#539,.T.);
#665 = ORIENTED_EDGE('',*,*,#666,.T.);
#666 = EDGE_CURVE('',#542,#433,#667,.T.);
#667 = LINE('',#668,#669);
#668 = CARTESIAN_POINT('',(25.3,17.5,-0.5));
#669 = VECTOR('',#670,1.);
#670 = DIRECTION('',(0.,0.,1.));
#671 = ORIENTED_EDGE('',*,*,#430,.F.);
#672 = PLANE('',#673);
#673 = AXIS2_PLACEMENT_3D('',#674,#675,#676);
#674 = CARTESIAN_POINT('',(25.3,17.5,-0.5));
#675 = DIRECTION('',(-0.,1.,0.));
#676 = DIRECTION('',(0.,0.,1.));
#677 = ADVANCED_FACE('',(#678),#689,.F.);
#678 = FACE_BOUND('',#679,.F.);
#679 = EDGE_LOOP('',(#680,#681,#682,#688));
#680 = ORIENTED_EDGE('',*,*,#659,.F.);
#681 = ORIENTED_EDGE('',*,*,#565,.T.);
#682 = ORIENTED_EDGE('',*,*,#683,.T.);
#683 = EDGE_CURVE('',#558,#449,#684,.T.);
#684 = LINE('',#685,#686);
#685 = CARTESIAN_POINT('',(26.3,19.5,-0.5));
#686 = VECTOR('',#687,1.);
#687 = DIRECTION('',(0.,0.,1.));
#688 = ORIENTED_EDGE('',*,*,#456,.F.);
#689 = PLANE('',#690);
#690 = AXIS2_PLACEMENT_3D('',#691,#692,#693);
#691 = CARTESIAN_POINT('',(26.3,17.5,-0.5));
#692 = DIRECTION('',(1.,0.,-0.));
#693 = DIRECTION('',(0.,0.,1.));
#694 = ADVANCED_FACE('',(#695),#706,.F.);
#695 = FACE_BOUND('',#696,.F.);
#696 = EDGE_LOOP('',(#697,#698,#699,#705));
#697 = ORIENTED_EDGE('',*,*,#683,.F.);
#698 = ORIENTED_EDGE('',*,*,#557,.T.);
#699 = ORIENTED_EDGE('',*,*,#700,.T.);
#700 = EDGE_CURVE('',#550,#441,#701,.T.);
#701 = LINE('',#702,#703);
#702 = CARTESIAN_POINT('',(25.3,19.5,-0.5));
#703 = VECTOR('',#704,1.);
#704 = DIRECTION('',(0.,0.,1.));
#705 = ORIENTED_EDGE('',*,*,#448,.F.);
#706 = PLANE('',#707);
#707 = AXIS2_PLACEMENT_3D('',#708,#709,#710);
#708 = CARTESIAN_POINT('',(25.3,19.5,-0.5));
#709 = DIRECTION('',(-0.,1.,0.));
#710 = DIRECTION('',(0.,0.,1.));
#711 = ADVANCED_FACE('',(#712),#718,.T.);
#712 = FACE_BOUND('',#713,.T.);
#713 = EDGE_LOOP('',(#714,#715,#716,#717));
#714 = ORIENTED_EDGE('',*,*,#666,.F.);
#715 = ORIENTED_EDGE('',*,*,#549,.T.);
#716 = ORIENTED_EDGE('',*,*,#700,.T.);
#717 = ORIENTED_EDGE('',*,*,#440,.F.);
#718 = PLANE('',#719);
#719 = AXIS2_PLACEMENT_3D('',#720,#721,#722);
#720 = CARTESIAN_POINT('',(25.3,17.5,-0.5));
#721 = DIRECTION('',(1.,0.,-0.));
#722 = DIRECTION('',(0.,0.,1.));
#723 = MANIFOLD_SOLID_BREP('',#724);
#724 = CLOSED_SHELL('',(#725,#765,#796,#922,#946,#1065,#1077,#1099,#1116
    ,#1133,#1145,#1167,#1184,#1201,#1213,#1235,#1252,#1269));
#725 = ADVANCED_FACE('',(#726),#760,.F.);
#726 = FACE_BOUND('',#727,.F.);
#727 = EDGE_LOOP('',(#728,#738,#746,#754));
#728 = ORIENTED_EDGE('',*,*,#729,.F.);
#729 = EDGE_CURVE('',#730,#732,#734,.T.);
#730 = VERTEX_POINT('',#731);
#731 = CARTESIAN_POINT('',(44.,0.,0.));
#732 = VERTEX_POINT('',#733);
#733 = CARTESIAN_POINT('',(44.,0.,1.4));
#734 = LINE('',#735,#736);
#735 = CARTESIAN_POINT('',(44.,0.,0.));
#736 = VECTOR('',#737,1.);
#737 = DIRECTION('',(0.,0.,1.));
#738 = ORIENTED_EDGE('',*,*,#739,.T.);
#739 = EDGE_CURVE('',#730,#740,#742,.T.);
#740 = VERTEX_POINT('',#741);
#741 = CARTESIAN_POINT('',(44.,20.,0.));
#742 = LINE('',#743,#744);
#743 = CARTESIAN_POINT('',(44.,0.,0.));
#744 = VECTOR('',#745,1.);
#745 = DIRECTION('',(-0.,1.,0.));
#746 = ORIENTED_EDGE('',*,*,#747,.T.);
#747 = EDGE_CURVE('',#740,#748,#750,.T.);
#748 = VERTEX_POINT('',#749);
#749 = CARTESIAN_POINT('',(44.,20.,1.4));
#750 = LINE('',#751,#752);
#751 = CARTESIAN_POINT('',(44.,20.,0.));
#752 = VECTOR('',#753,1.);
#753 = DIRECTION('',(0.,0.,1.));
#754 = ORIENTED_EDGE('',*,*,#755,.F.);
#755 = EDGE_CURVE('',#732,#748,#756,.T.);
#756 = LINE('',#757,#758);
#757 = CARTESIAN_POINT('',(44.,0.,1.4));
#758 = VECTOR('',#759,1.);
#759 = DIRECTION('',(-0.,1.,0.));
#760 = PLANE('',#761);
#761 = AXIS2_PLACEMENT_3D('',#762,#763,#764);
#762 = CARTESIAN_POINT('',(44.,0.,0.));
#763 = DIRECTION('',(1.,0.,-0.));
#764 = DIRECTION('',(0.,0.,1.));
#765 = ADVANCED_FACE('',(#766),#791,.F.);
#766 = FACE_BOUND('',#767,.F.);
#767 = EDGE_LOOP('',(#768,#776,#777,#785));
#768 = ORIENTED_EDGE('',*,*,#769,.F.);
#769 = EDGE_CURVE('',#730,#770,#772,.T.);
#770 = VERTEX_POINT('',#771);
#771 = CARTESIAN_POINT('',(64.,0.,0.));
#772 = LINE('',#773,#774);
#773 = CARTESIAN_POINT('',(44.,0.,0.));
#774 = VECTOR('',#775,1.);
#775 = DIRECTION('',(1.,0.,-0.));
#776 = ORIENTED_EDGE('',*,*,#729,.T.);
#777 = ORIENTED_EDGE('',*,*,#778,.T.);
#778 = EDGE_CURVE('',#732,#779,#781,.T.);
#779 = VERTEX_POINT('',#780);
#780 = CARTESIAN_POINT('',(64.,0.,1.4));
#781 = LINE('',#782,#783);
#782 = CARTESIAN_POINT('',(44.,0.,1.4));
#783 = VECTOR('',#784,1.);
#784 = DIRECTION('',(1.,0.,-0.));
#785 = ORIENTED_EDGE('',*,*,#786,.F.);
#786 = EDGE_CURVE('',#770,#779,#787,.T.);
#787 = LINE('',#788,#789);
#788 = CARTESIAN_POINT('',(64.,0.,0.));
#789 = VECTOR('',#790,1.);
#790 = DIRECTION('',(0.,0.,1.));
#791 = PLANE('',#792);
#792 = AXIS2_PLACEMENT_3D('',#793,#794,#795);
#793 = CARTESIAN_POINT('',(44.,0.,0.));
#794 = DIRECTION('',(-0.,1.,0.));
#795 = DIRECTION('',(0.,0.,1.));
#796 = ADVANCED_FACE('',(#797,#815,#849,#883),#917,.T.);
#797 = FACE_BOUND('',#798,.T.);
#798 = EDGE_LOOP('',(#799,#800,#801,#809));
#799 = ORIENTED_EDGE('',*,*,#755,.F.);
#800 = ORIENTED_EDGE('',*,*,#778,.T.);
#801 = ORIENTED_EDGE('',*,*,#802,.T.);
#802 = EDGE_CURVE('',#779,#803,#805,.T.);
#803 = VERTEX_POINT('',#804);
#804 = CARTESIAN_POINT('',(64.,20.,1.4));
#805 = LINE('',#806,#807);
#806 = CARTESIAN_POINT('',(64.,0.,1.4));
#807 = VECTOR('',#808,1.);
#808 = DIRECTION('',(-0.,1.,0.));
#809 = ORIENTED_EDGE('',*,*,#810,.F.);
#810 = EDGE_CURVE('',#748,#803,#811,.T.);
#811 = LINE('',#812,#813);
#812 = CARTESIAN_POINT('',(44.,20.,1.4));
#813 = VECTOR('',#814,1.);
#814 = DIRECTION('',(1.,0.,-0.));
#815 = FACE_BOUND('',#816,.T.);
#816 = EDGE_LOOP('',(#817,#827,#835,#843));
#817 = ORIENTED_EDGE('',*,*,#818,.T.);
#818 = EDGE_CURVE('',#819,#821,#823,.T.);
#819 = VERTEX_POINT('',#820);
#820 = CARTESIAN_POINT('',(46.5,17.5,1.4));
#821 = VERTEX_POINT('',#822);
#822 = CARTESIAN_POINT('',(45.5,17.5,1.4));
#823 = LINE('',#824,#825);
#824 = CARTESIAN_POINT('',(44.75,17.5,1.4));
#825 = VECTOR('',#826,1.);
#826 = DIRECTION('',(-1.,-0.,0.));
#827 = ORIENTED_EDGE('',*,*,#828,.T.);
#828 = EDGE_CURVE('',#821,#829,#831,.T.);
#829 = VERTEX_POINT('',#830);
#830 = CARTESIAN_POINT('',(45.5,19.5,1.4));
#831 = LINE('',#832,#833);
#832 = CARTESIAN_POINT('',(45.5,8.75,1.4));
#833 = VECTOR('',#834,1.);
#834 = DIRECTION('',(-0.,1.,0.));
#835 = ORIENTED_EDGE('',*,*,#836,.F.);
#836 = EDGE_CURVE('',#837,#829,#839,.T.);
#837 = VERTEX_POINT('',#838);
#838 = CARTESIAN_POINT('',(46.5,19.5,1.4));
#839 = LINE('',#840,#841);
#840 = CARTESIAN_POINT('',(44.75,19.5,1.4));
#841 = VECTOR('',#842,1.);
#842 = DIRECTION('',(-1.,-0.,0.));
#843 = ORIENTED_EDGE('',*,*,#844,.F.);
#844 = EDGE_CURVE('',#819,#837,#845,.T.);
#845 = LINE('',#846,#847);
#846 = CARTESIAN_POINT('',(46.5,8.75,1.4));
#847 = VECTOR('',#848,1.);
#848 = DIRECTION('',(-0.,1.,0.));
#849 = FACE_BOUND('',#850,.T.);
#850 = EDGE_LOOP('',(#851,#861,#869,#877));
#851 = ORIENTED_EDGE('',*,*,#852,.T.);
#852 = EDGE_CURVE('',#853,#855,#857,.T.);
#853 = VERTEX_POINT('',#854);
#854 = CARTESIAN_POINT('',(48.3,17.5,1.4));
#855 = VERTEX_POINT('',#856);
#856 = CARTESIAN_POINT('',(47.3,17.5,1.4));
#857 = LINE('',#858,#859);
#858 = CARTESIAN_POINT('',(45.65,17.5,1.4));
#859 = VECTOR('',#860,1.);
#860 = DIRECTION('',(-1.,-0.,0.));
#861 = ORIENTED_EDGE('',*,*,#862,.T.);
#862 = EDGE_CURVE('',#855,#863,#865,.T.);
#863 = VERTEX_POINT('',#864);
#864 = CARTESIAN_POINT('',(47.3,19.5,1.4));
#865 = LINE('',#866,#867);
#866 = CARTESIAN_POINT('',(47.3,8.75,1.4));
#867 = VECTOR('',#868,1.);
#868 = DIRECTION('',(-0.,1.,0.));
#869 = ORIENTED_EDGE('',*,*,#870,.F.);
#870 = EDGE_CURVE('',#871,#863,#873,.T.);
#871 = VERTEX_POINT('',#872);
#872 = CARTESIAN_POINT('',(48.3,19.5,1.4));
#873 = LINE('',#874,#875);
#874 = CARTESIAN_POINT('',(45.65,19.5,1.4));
#875 = VECTOR('',#876,1.);
#876 = DIRECTION('',(-1.,-0.,0.));
#877 = ORIENTED_EDGE('',*,*,#878,.F.);
#878 = EDGE_CURVE('',#853,#871,#879,.T.);
#879 = LINE('',#880,#881);
#880 = CARTESIAN_POINT('',(48.3,8.75,1.4));
#881 = VECTOR('',#882,1.);
#882 = DIRECTION('',(-0.,1.,0.));
#883 = FACE_BOUND('',#884,.T.);
#884 = EDGE_LOOP('',(#885,#895,#903,#911));
#885 = ORIENTED_EDGE('',*,*,#886,.T.);
#886 = EDGE_CURVE('',#887,#889,#891,.T.);
#887 = VERTEX_POINT('',#888);
#888 = CARTESIAN_POINT('',(50.1,17.5,1.4));
#889 = VERTEX_POINT('',#890);
#890 = CARTESIAN_POINT('',(49.1,17.5,1.4));
#891 = LINE('',#892,#893);
#892 = CARTESIAN_POINT('',(46.55,17.5,1.4));
#893 = VECTOR('',#894,1.);
#894 = DIRECTION('',(-1.,-0.,0.));
#895 = ORIENTED_EDGE('',*,*,#896,.T.);
#896 = EDGE_CURVE('',#889,#897,#899,.T.);
#897 = VERTEX_POINT('',#898);
#898 = CARTESIAN_POINT('',(49.1,19.5,1.4));
#899 = LINE('',#900,#901);
#900 = CARTESIAN_POINT('',(49.1,8.75,1.4));
#901 = VECTOR('',#902,1.);
#902 = DIRECTION('',(-0.,1.,0.));
#903 = ORIENTED_EDGE('',*,*,#904,.F.);
#904 = EDGE_CURVE('',#905,#897,#907,.T.);
#905 = VERTEX_POINT('',#906);
#906 = CARTESIAN_POINT('',(50.1,19.5,1.4));
#907 = LINE('',#908,#909);
#908 = CARTESIAN_POINT('',(46.55,19.5,1.4));
#909 = VECTOR('',#910,1.);
#910 = DIRECTION('',(-1.,-0.,0.));
#911 = ORIENTED_EDGE('',*,*,#912,.F.);
#912 = EDGE_CURVE('',#887,#905,#913,.T.);
#913 = LINE('',#914,#915);
#914 = CARTESIAN_POINT('',(50.1,8.75,1.4));
#915 = VECTOR('',#916,1.);
#916 = DIRECTION('',(-0.,1.,0.));
#917 = PLANE('',#918);
#918 = AXIS2_PLACEMENT_3D('',#919,#920,#921);
#919 = CARTESIAN_POINT('',(44.,0.,1.4));
#920 = DIRECTION('',(0.,0.,1.));
#921 = DIRECTION('',(1.,0.,-0.));
#922 = ADVANCED_FACE('',(#923),#941,.T.);
#923 = FACE_BOUND('',#924,.T.);
#924 = EDGE_LOOP('',(#925,#933,#934,#935));
#925 = ORIENTED_EDGE('',*,*,#926,.F.);
#926 = EDGE_CURVE('',#740,#927,#929,.T.);
#927 = VERTEX_POINT('',#928);
#928 = CARTESIAN_POINT('',(64.,20.,0.));
#929 = LINE('',#930,#931);
#930 = CARTESIAN_POINT('',(44.,20.,0.));
#931 = VECTOR('',#932,1.);
#932 = DIRECTION('',(1.,0.,-0.));
#933 = ORIENTED_EDGE('',*,*,#747,.T.);
#934 = ORIENTED_EDGE('',*,*,#810,.T.);
#935 = ORIENTED_EDGE('',*,*,#936,.F.);
#936 = EDGE_CURVE('',#927,#803,#937,.T.);
#937 = LINE('',#938,#939);
#938 = CARTESIAN_POINT('',(64.,20.,0.));
#939 = VECTOR('',#940,1.);
#940 = DIRECTION('',(0.,0.,1.));
#941 = PLANE('',#942);
#942 = AXIS2_PLACEMENT_3D('',#943,#944,#945);
#943 = CARTESIAN_POINT('',(44.,20.,0.));
#944 = DIRECTION('',(-0.,1.,0.));
#945 = DIRECTION('',(0.,0.,1.));
#946 = ADVANCED_FACE('',(#947,#958,#992,#1026),#1060,.F.);
#947 = FACE_BOUND('',#948,.F.);
#948 = EDGE_LOOP('',(#949,#950,#951,#957));
#949 = ORIENTED_EDGE('',*,*,#739,.F.);
#950 = ORIENTED_EDGE('',*,*,#769,.T.);
#951 = ORIENTED_EDGE('',*,*,#952,.T.);
#952 = EDGE_CURVE('',#770,#927,#953,.T.);
#953 = LINE('',#954,#955);
#954 = CARTESIAN_POINT('',(64.,0.,0.));
#955 = VECTOR('',#956,1.);
#956 = DIRECTION('',(-0.,1.,0.));
#957 = ORIENTED_EDGE('',*,*,#926,.F.);
#958 = FACE_BOUND('',#959,.F.);
#959 = EDGE_LOOP('',(#960,#970,#978,#986));
#960 = ORIENTED_EDGE('',*,*,#961,.T.);
#961 = EDGE_CURVE('',#962,#964,#966,.T.);
#962 = VERTEX_POINT('',#963);
#963 = CARTESIAN_POINT('',(46.5,17.5,0.));
#964 = VERTEX_POINT('',#965);
#965 = CARTESIAN_POINT('',(45.5,17.5,0.));
#966 = LINE('',#967,#968);
#967 = CARTESIAN_POINT('',(44.75,17.5,0.));
#968 = VECTOR('',#969,1.);
#969 = DIRECTION('',(-1.,-0.,0.));
#970 = ORIENTED_EDGE('',*,*,#971,.T.);
#971 = EDGE_CURVE('',#964,#972,#974,.T.);
#972 = VERTEX_POINT('',#973);
#973 = CARTESIAN_POINT('',(45.5,19.5,0.));
#974 = LINE('',#975,#976);
#975 = CARTESIAN_POINT('',(45.5,8.75,0.));
#976 = VECTOR('',#977,1.);
#977 = DIRECTION('',(-0.,1.,0.));
#978 = ORIENTED_EDGE('',*,*,#979,.F.);
#979 = EDGE_CURVE('',#980,#972,#982,.T.);
#980 = VERTEX_POINT('',#981);
#981 = CARTESIAN_POINT('',(46.5,19.5,0.));
#982 = LINE('',#983,#984);
#983 = CARTESIAN_POINT('',(44.75,19.5,0.));
#984 = VECTOR('',#985,1.);
#985 = DIRECTION('',(-1.,-0.,0.));
#986 = ORIENTED_EDGE('',*,*,#987,.F.);
#987 = EDGE_CURVE('',#962,#980,#988,.T.);
#988 = LINE('',#989,#990);
#989 = CARTESIAN_POINT('',(46.5,8.75,0.));
#990 = VECTOR('',#991,1.);
#991 = DIRECTION('',(-0.,1.,0.));
#992 = FACE_BOUND('',#993,.F.);
#993 = EDGE_LOOP('',(#994,#1004,#1012,#1020));
#994 = ORIENTED_EDGE('',*,*,#995,.T.);
#995 = EDGE_CURVE('',#996,#998,#1000,.T.);
#996 = VERTEX_POINT('',#997);
#997 = CARTESIAN_POINT('',(48.3,17.5,0.));
#998 = VERTEX_POINT('',#999);
#999 = CARTESIAN_POINT('',(47.3,17.5,0.));
#1000 = LINE('',#1001,#1002);
#1001 = CARTESIAN_POINT('',(45.65,17.5,0.));
#1002 = VECTOR('',#1003,1.);
#1003 = DIRECTION('',(-1.,-0.,0.));
#1004 = ORIENTED_EDGE('',*,*,#1005,.T.);
#1005 = EDGE_CURVE('',#998,#1006,#1008,.T.);
#1006 = VERTEX_POINT('',#1007);
#1007 = CARTESIAN_POINT('',(47.3,19.5,0.));
#1008 = LINE('',#1009,#1010);
#1009 = CARTESIAN_POINT('',(47.3,8.75,0.));
#1010 = VECTOR('',#1011,1.);
#1011 = DIRECTION('',(-0.,1.,0.));
#1012 = ORIENTED_EDGE('',*,*,#1013,.F.);
#1013 = EDGE_CURVE('',#1014,#1006,#1016,.T.);
#1014 = VERTEX_POINT('',#1015);
#1015 = CARTESIAN_POINT('',(48.3,19.5,0.));
#1016 = LINE('',#1017,#1018);
#1017 = CARTESIAN_POINT('',(45.65,19.5,0.));
#1018 = VECTOR('',#1019,1.);
#1019 = DIRECTION('',(-1.,-0.,0.));
#1020 = ORIENTED_EDGE('',*,*,#1021,.F.);
#1021 = EDGE_CURVE('',#996,#1014,#1022,.T.);
#1022 = LINE('',#1023,#1024);
#1023 = CARTESIAN_POINT('',(48.3,8.75,0.));
#1024 = VECTOR('',#1025,1.);
#1025 = DIRECTION('',(-0.,1.,0.));
#1026 = FACE_BOUND('',#1027,.F.);
#1027 = EDGE_LOOP('',(#1028,#1038,#1046,#1054));
#1028 = ORIENTED_EDGE('',*,*,#1029,.T.);
#1029 = EDGE_CURVE('',#1030,#1032,#1034,.T.);
#1030 = VERTEX_POINT('',#1031);
#1031 = CARTESIAN_POINT('',(50.1,17.5,0.));
#1032 = VERTEX_POINT('',#1033);
#1033 = CARTESIAN_POINT('',(49.1,17.5,0.));
#1034 = LINE('',#1035,#1036);
#1035 = CARTESIAN_POINT('',(46.55,17.5,0.));
#1036 = VECTOR('',#1037,1.);
#1037 = DIRECTION('',(-1.,-0.,0.));
#1038 = ORIENTED_EDGE('',*,*,#1039,.T.);
#1039 = EDGE_CURVE('',#1032,#1040,#1042,.T.);
#1040 = VERTEX_POINT('',#1041);
#1041 = CARTESIAN_POINT('',(49.1,19.5,0.));
#1042 = LINE('',#1043,#1044);
#1043 = CARTESIAN_POINT('',(49.1,8.75,0.));
#1044 = VECTOR('',#1045,1.);
#1045 = DIRECTION('',(-0.,1.,0.));
#1046 = ORIENTED_EDGE('',*,*,#1047,.F.);
#1047 = EDGE_CURVE('',#1048,#1040,#1050,.T.);
#1048 = VERTEX_POINT('',#1049);
#1049 = CARTESIAN_POINT('',(50.1,19.5,0.));
#1050 = LINE('',#1051,#1052);
#1051 = CARTESIAN_POINT('',(46.55,19.5,0.));
#1052 = VECTOR('',#1053,1.);
#1053 = DIRECTION('',(-1.,-0.,0.));
#1054 = ORIENTED_EDGE('',*,*,#1055,.F.);
#1055 = EDGE_CURVE('',#1030,#1048,#1056,.T.);
#1056 = LINE('',#1057,#1058);
#1057 = CARTESIAN_POINT('',(50.1,8.75,0.));
#1058 = VECTOR('',#1059,1.);
#1059 = DIRECTION('',(-0.,1.,0.));
#1060 = PLANE('',#1061);
#1061 = AXIS2_PLACEMENT_3D('',#1062,#1063,#1064);
#1062 = CARTESIAN_POINT('',(44.,0.,0.));
#1063 = DIRECTION('',(0.,0.,1.));
#1064 = DIRECTION('',(1.,0.,-0.));
#1065 = ADVANCED_FACE('',(#1066),#1072,.T.);
#1066 = FACE_BOUND('',#1067,.T.);
#1067 = EDGE_LOOP('',(#1068,#1069,#1070,#1071));
#1068 = ORIENTED_EDGE('',*,*,#786,.F.);
#1069 = ORIENTED_EDGE('',*,*,#952,.T.);
#1070 = ORIENTED_EDGE('',*,*,#936,.T.);
#1071 = ORIENTED_EDGE('',*,*,#802,.F.);
#1072 = PLANE('',#1073);
#1073 = AXIS2_PLACEMENT_3D('',#1074,#1075,#1076);
#1074 = CARTESIAN_POINT('',(64.,0.,0.));
#1075 = DIRECTION('',(1.,0.,-0.));
#1076 = DIRECTION('',(0.,0.,1.));
#1077 = ADVANCED_FACE('',(#1078),#1094,.T.);
#1078 = FACE_BOUND('',#1079,.T.);
#1079 = EDGE_LOOP('',(#1080,#1086,#1087,#1093));
#1080 = ORIENTED_EDGE('',*,*,#1081,.F.);
#1081 = EDGE_CURVE('',#962,#819,#1082,.T.);
#1082 = LINE('',#1083,#1084);
#1083 = CARTESIAN_POINT('',(46.5,17.5,-0.5));
#1084 = VECTOR('',#1085,1.);
#1085 = DIRECTION('',(0.,0.,1.));
#1086 = ORIENTED_EDGE('',*,*,#961,.T.);
#1087 = ORIENTED_EDGE('',*,*,#1088,.T.);
#1088 = EDGE_CURVE('',#964,#821,#1089,.T.);
#1089 = LINE('',#1090,#1091);
#1090 = CARTESIAN_POINT('',(45.5,17.5,-0.5));
#1091 = VECTOR('',#1092,1.);
#1092 = DIRECTION('',(0.,0.,1.));
#1093 = ORIENTED_EDGE('',*,*,#818,.F.);
#1094 = PLANE('',#1095);
#1095 = AXIS2_PLACEMENT_3D('',#1096,#1097,#1098);
#1096 = CARTESIAN_POINT('',(45.5,17.5,-0.5));
#1097 = DIRECTION('',(-0.,1.,0.));
#1098 = DIRECTION('',(0.,0.,1.));
#1099 = ADVANCED_FACE('',(#1100),#1111,.F.);
#1100 = FACE_BOUND('',#1101,.F.);
#1101 = EDGE_LOOP('',(#1102,#1103,#1104,#1110));
#1102 = ORIENTED_EDGE('',*,*,#1081,.F.);
#1103 = ORIENTED_EDGE('',*,*,#987,.T.);
#1104 = ORIENTED_EDGE('',*,*,#1105,.T.);
#1105 = EDGE_CURVE('',#980,#837,#1106,.T.);
#1106 = LINE('',#1107,#1108);
#1107 = CARTESIAN_POINT('',(46.5,19.5,-0.5));
#1108 = VECTOR('',#1109,1.);
#1109 = DIRECTION('',(0.,0.,1.));
#1110 = ORIENTED_EDGE('',*,*,#844,.F.);
#1111 = PLANE('',#1112);
#1112 = AXIS2_PLACEMENT_3D('',#1113,#1114,#1115);
#1113 = CARTESIAN_POINT('',(46.5,17.5,-0.5));
#1114 = DIRECTION('',(1.,0.,-0.));
#1115 = DIRECTION('',(0.,0.,1.));
#1116 = ADVANCED_FACE('',(#1117),#1128,.T.);
#1117 = FACE_BOUND('',#1118,.T.);
#1118 = EDGE_LOOP('',(#1119,#1120,#1121,#1127));
#1119 = ORIENTED_EDGE('',*,*,#1088,.F.);
#1120 = ORIENTED_EDGE('',*,*,#971,.T.);
#1121 = ORIENTED_EDGE('',*,*,#1122,.T.);
#1122 = EDGE_CURVE('',#972,#829,#1123,.T.);
#1123 = LINE('',#1124,#1125);
#1124 = CARTESIAN_POINT('',(45.5,19.5,-0.5));
#1125 = VECTOR('',#1126,1.);
#1126 = DIRECTION('',(0.,0.,1.));
#1127 = ORIENTED_EDGE('',*,*,#828,.F.);
#1128 = PLANE('',#1129);
#1129 = AXIS2_PLACEMENT_3D('',#1130,#1131,#1132);
#1130 = CARTESIAN_POINT('',(45.5,17.5,-0.5));
#1131 = DIRECTION('',(1.,0.,-0.));
#1132 = DIRECTION('',(0.,0.,1.));
#1133 = ADVANCED_FACE('',(#1134),#1140,.F.);
#1134 = FACE_BOUND('',#1135,.F.);
#1135 = EDGE_LOOP('',(#1136,#1137,#1138,#1139));
#1136 = ORIENTED_EDGE('',*,*,#1105,.F.);
#1137 = ORIENTED_EDGE('',*,*,#979,.T.);
#1138 = ORIENTED_EDGE('',*,*,#1122,.T.);
#1139 = ORIENTED_EDGE('',*,*,#836,.F.);
#1140 = PLANE('',#1141);
#1141 = AXIS2_PLACEMENT_3D('',#1142,#1143,#1144);
#1142 = CARTESIAN_POINT('',(45.5,19.5,-0.5));
#1143 = DIRECTION('',(-0.,1.,0.));
#1144 = DIRECTION('',(0.,0.,1.));
#1145 = ADVANCED_FACE('',(#1146),#1162,.T.);
#1146 = FACE_BOUND('',#1147,.T.);
#1147 = EDGE_LOOP('',(#1148,#1154,#1155,#1161));
#1148 = ORIENTED_EDGE('',*,*,#1149,.F.);
#1149 = EDGE_CURVE('',#996,#853,#1150,.T.);
#1150 = LINE('',#1151,#1152);
#1151 = CARTESIAN_POINT('',(48.3,17.5,-0.5));
#1152 = VECTOR('',#1153,1.);
#1153 = DIRECTION('',(0.,0.,1.));
#1154 = ORIENTED_EDGE('',*,*,#995,.T.);
#1155 = ORIENTED_EDGE('',*,*,#1156,.T.);
#1156 = EDGE_CURVE('',#998,#855,#1157,.T.);
#1157 = LINE('',#1158,#1159);
#1158 = CARTESIAN_POINT('',(47.3,17.5,-0.5));
#1159 = VECTOR('',#1160,1.);
#1160 = DIRECTION('',(0.,0.,1.));
#1161 = ORIENTED_EDGE('',*,*,#852,.F.);
#1162 = PLANE('',#1163);
#1163 = AXIS2_PLACEMENT_3D('',#1164,#1165,#1166);
#1164 = CARTESIAN_POINT('',(47.3,17.5,-0.5));
#1165 = DIRECTION('',(-0.,1.,0.));
#1166 = DIRECTION('',(0.,0.,1.));
#1167 = ADVANCED_FACE('',(#1168),#1179,.F.);
#1168 = FACE_BOUND('',#1169,.F.);
#1169 = EDGE_LOOP('',(#1170,#1171,#1172,#1178));
#1170 = ORIENTED_EDGE('',*,*,#1149,.F.);
#1171 = ORIENTED_EDGE('',*,*,#1021,.T.);
#1172 = ORIENTED_EDGE('',*,*,#1173,.T.);
#1173 = EDGE_CURVE('',#1014,#871,#1174,.T.);
#1174 = LINE('',#1175,#1176);
#1175 = CARTESIAN_POINT('',(48.3,19.5,-0.5));
#1176 = VECTOR('',#1177,1.);
#1177 = DIRECTION('',(0.,0.,1.));
#1178 = ORIENTED_EDGE('',*,*,#878,.F.);
#1179 = PLANE('',#1180);
#1180 = AXIS2_PLACEMENT_3D('',#1181,#1182,#1183);
#1181 = CARTESIAN_POINT('',(48.3,17.5,-0.5));
#1182 = DIRECTION('',(1.,0.,-0.));
#1183 = DIRECTION('',(0.,0.,1.));
#1184 = ADVANCED_FACE('',(#1185),#1196,.T.);
#1185 = FACE_BOUND('',#1186,.T.);
#1186 = EDGE_LOOP('',(#1187,#1188,#1189,#1195));
#1187 = ORIENTED_EDGE('',*,*,#1156,.F.);
#1188 = ORIENTED_EDGE('',*,*,#1005,.T.);
#1189 = ORIENTED_EDGE('',*,*,#1190,.T.);
#1190 = EDGE_CURVE('',#1006,#863,#1191,.T.);
#1191 = LINE('',#1192,#1193);
#1192 = CARTESIAN_POINT('',(47.3,19.5,-0.5));
#1193 = VECTOR('',#1194,1.);
#1194 = DIRECTION('',(0.,0.,1.));
#1195 = ORIENTED_EDGE('',*,*,#862,.F.);
#1196 = PLANE('',#1197);
#1197 = AXIS2_PLACEMENT_3D('',#1198,#1199,#1200);
#1198 = CARTESIAN_POINT('',(47.3,17.5,-0.5));
#1199 = DIRECTION('',(1.,0.,-0.));
#1200 = DIRECTION('',(0.,0.,1.));
#1201 = ADVANCED_FACE('',(#1202),#1208,.F.);
#1202 = FACE_BOUND('',#1203,.F.);
#1203 = EDGE_LOOP('',(#1204,#1205,#1206,#1207));
#1204 = ORIENTED_EDGE('',*,*,#1173,.F.);
#1205 = ORIENTED_EDGE('',*,*,#1013,.T.);
#1206 = ORIENTED_EDGE('',*,*,#1190,.T.);
#1207 = ORIENTED_EDGE('',*,*,#870,.F.);
#1208 = PLANE('',#1209);
#1209 = AXIS2_PLACEMENT_3D('',#1210,#1211,#1212);
#1210 = CARTESIAN_POINT('',(47.3,19.5,-0.5));
#1211 = DIRECTION('',(-0.,1.,0.));
#1212 = DIRECTION('',(0.,0.,1.));
#1213 = ADVANCED_FACE('',(#1214),#1230,.T.);
#1214 = FACE_BOUND('',#1215,.T.);
#1215 = EDGE_LOOP('',(#1216,#1222,#1223,#1229));
#1216 = ORIENTED_EDGE('',*,*,#1217,.F.);
#1217 = EDGE_CURVE('',#1030,#887,#1218,.T.);
#1218 = LINE('',#1219,#1220);
#1219 = CARTESIAN_POINT('',(50.1,17.5,-0.5));
#1220 = VECTOR('',#1221,1.);
#1221 = DIRECTION('',(0.,0.,1.));
#1222 = ORIENTED_EDGE('',*,*,#1029,.T.);
#1223 = ORIENTED_EDGE('',*,*,#1224,.T.);
#1224 = EDGE_CURVE('',#1032,#889,#1225,.T.);
#1225 = LINE('',#1226,#1227);
#1226 = CARTESIAN_POINT('',(49.1,17.5,-0.5));
#1227 = VECTOR('',#1228,1.);
#1228 = DIRECTION('',(0.,0.,1.));
#1229 = ORIENTED_EDGE('',*,*,#886,.F.);
#1230 = PLANE('',#1231);
#1231 = AXIS2_PLACEMENT_3D('',#1232,#1233,#1234);
#1232 = CARTESIAN_POINT('',(49.1,17.5,-0.5));
#1233 = DIRECTION('',(-0.,1.,0.));
#1234 = DIRECTION('',(0.,0.,1.));
#1235 = ADVANCED_FACE('',(#1236),#1247,.F.);
#1236 = FACE_BOUND('',#1237,.F.);
#1237 = EDGE_LOOP('',(#1238,#1239,#1240,#1246));
#1238 = ORIENTED_EDGE('',*,*,#1217,.F.);
#1239 = ORIENTED_EDGE('',*,*,#1055,.T.);
#1240 = ORIENTED_EDGE('',*,*,#1241,.T.);
#1241 = EDGE_CURVE('',#1048,#905,#1242,.T.);
#1242 = LINE('',#1243,#1244);
#1243 = CARTESIAN_POINT('',(50.1,19.5,-0.5));
#1244 = VECTOR('',#1245,1.);
#1245 = DIRECTION('',(0.,0.,1.));
#1246 = ORIENTED_EDGE('',*,*,#912,.F.);
#1247 = PLANE('',#1248);
#1248 = AXIS2_PLACEMENT_3D('',#1249,#1250,#1251);
#1249 = CARTESIAN_POINT('',(50.1,17.5,-0.5));
#1250 = DIRECTION('',(1.,0.,-0.));
#1251 = DIRECTION('',(0.,0.,1.));
#1252 = ADVANCED_FACE('',(#1253),#1264,.F.);
#1253 = FACE_BOUND('',#1254,.F.);
#1254 = EDGE_LOOP('',(#1255,#1256,#1257,#1263));
#1255 = ORIENTED_EDGE('',*,*,#1241,.F.);
#1256 = ORIENTED_EDGE('',*,*,#1047,.T.);
#1257 = ORIENTED_EDGE('',*,*,#1258,.T.);
#1258 = EDGE_CURVE('',#1040,#897,#1259,.T.);
#1259 = LINE('',#1260,#1261);
#1260 = CARTESIAN_POINT('',(49.1,19.5,-0.5));
#1261 = VECTOR('',#1262,1.);
#1262 = DIRECTION('',(0.,0.,1.));
#1263 = ORIENTED_EDGE('',*,*,#904,.F.);
#1264 = PLANE('',#1265);
#1265 = AXIS2_PLACEMENT_3D('',#1266,#1267,#1268);
#1266 = CARTESIAN_POINT('',(49.1,19.5,-0.5));
#1267 = DIRECTION('',(-0.,1.,0.));
#1268 = DIRECTION('',(0.,0.,1.));
#1269 = ADVANCED_FACE('',(#1270),#1276,.T.);
#1270 = FACE_BOUND('',#1271,.T.);
#1271 = EDGE_LOOP('',(#1272,#1273,#1274,#1275));
#1272 = ORIENTED_EDGE('',*,*,#1224,.F.);
#1273 = ORIENTED_EDGE('',*,*,#1039,.T.);
#1274 = ORIENTED_EDGE('',*,*,#1258,.T.);
#1275 = ORIENTED_EDGE('',*,*,#896,.F.);
#1276 = PLANE('',#1277);
#1277 = AXIS2_PLACEMENT_3D('',#1278,#1279,#1280);
#1278 = CARTESIAN_POINT('',(49.1,17.5,-0.5));
#1279 = DIRECTION('',(1.,0.,-0.));
#1280 = DIRECTION('',(0.,0.,1.));
#1281 = MANIFOLD_SOLID_BREP('',#1282);
#1282 = CLOSED_SHELL('',(#1283,#1323,#1354,#1514,#1538,#1691,#1703,#1725
    ,#1742,#1759,#1771,#1793,#1810,#1827,#1839,#1861,#1878,#1895,#1907,
    #1929,#1946,#1963));
#1283 = ADVANCED_FACE('',(#1284),#1318,.F.);
#1284 = FACE_BOUND('',#1285,.F.);
#1285 = EDGE_LOOP('',(#1286,#1296,#1304,#1312));
#1286 = ORIENTED_EDGE('',*,*,#1287,.F.);
#1287 = EDGE_CURVE('',#1288,#1290,#1292,.T.);
#1288 = VERTEX_POINT('',#1289);
#1289 = CARTESIAN_POINT('',(66.,0.,0.));
#1290 = VERTEX_POINT('',#1291);
#1291 = CARTESIAN_POINT('',(66.,0.,1.5));
#1292 = LINE('',#1293,#1294);
#1293 = CARTESIAN_POINT('',(66.,0.,0.));
#1294 = VECTOR('',#1295,1.);
#1295 = DIRECTION('',(0.,0.,1.));
#1296 = ORIENTED_EDGE('',*,*,#1297,.T.);
#1297 = EDGE_CURVE('',#1288,#1298,#1300,.T.);
#1298 = VERTEX_POINT('',#1299);
#1299 = CARTESIAN_POINT('',(66.,20.,0.));
#1300 = LINE('',#1301,#1302);
#1301 = CARTESIAN_POINT('',(66.,0.,0.));
#1302 = VECTOR('',#1303,1.);
#1303 = DIRECTION('',(-0.,1.,0.));
#1304 = ORIENTED_EDGE('',*,*,#1305,.T.);
#1305 = EDGE_CURVE('',#1298,#1306,#1308,.T.);
#1306 = VERTEX_POINT('',#1307);
#1307 = CARTESIAN_POINT('',(66.,20.,1.5));
#1308 = LINE('',#1309,#1310);
#1309 = CARTESIAN_POINT('',(66.,20.,0.));
#1310 = VECTOR('',#1311,1.);
#1311 = DIRECTION('',(0.,0.,1.));
#1312 = ORIENTED_EDGE('',*,*,#1313,.F.);
#1313 = EDGE_CURVE('',#1290,#1306,#1314,.T.);
#1314 = LINE('',#1315,#1316);
#1315 = CARTESIAN_POINT('',(66.,0.,1.5));
#1316 = VECTOR('',#1317,1.);
#1317 = DIRECTION('',(-0.,1.,0.));
#1318 = PLANE('',#1319);
#1319 = AXIS2_PLACEMENT_3D('',#1320,#1321,#1322);
#1320 = CARTESIAN_POINT('',(66.,0.,0.));
#1321 = DIRECTION('',(1.,0.,-0.));
#1322 = DIRECTION('',(0.,0.,1.));
#1323 = ADVANCED_FACE('',(#1324),#1349,.F.);
#1324 = FACE_BOUND('',#1325,.F.);
#1325 = EDGE_LOOP('',(#1326,#1334,#1335,#1343));
#1326 = ORIENTED_EDGE('',*,*,#1327,.F.);
#1327 = EDGE_CURVE('',#1288,#1328,#1330,.T.);
#1328 = VERTEX_POINT('',#1329);
#1329 = CARTESIAN_POINT('',(86.,0.,0.));
#1330 = LINE('',#1331,#1332);
#1331 = CARTESIAN_POINT('',(66.,0.,0.));
#1332 = VECTOR('',#1333,1.);
#1333 = DIRECTION('',(1.,0.,-0.));
#1334 = ORIENTED_EDGE('',*,*,#1287,.T.);
#1335 = ORIENTED_EDGE('',*,*,#1336,.T.);
#1336 = EDGE_CURVE('',#1290,#1337,#1339,.T.);
#1337 = VERTEX_POINT('',#1338);
#1338 = CARTESIAN_POINT('',(86.,0.,1.5));
#1339 = LINE('',#1340,#1341);
#1340 = CARTESIAN_POINT('',(66.,0.,1.5));
#1341 = VECTOR('',#1342,1.);
#1342 = DIRECTION('',(1.,0.,-0.));
#1343 = ORIENTED_EDGE('',*,*,#1344,.F.);
#1344 = EDGE_CURVE('',#1328,#1337,#1345,.T.);
#1345 = LINE('',#1346,#1347);
#1346 = CARTESIAN_POINT('',(86.,0.,0.));
#1347 = VECTOR('',#1348,1.);
#1348 = DIRECTION('',(0.,0.,1.));
#1349 = PLANE('',#1350);
#1350 = AXIS2_PLACEMENT_3D('',#1351,#1352,#1353);
#1351 = CARTESIAN_POINT('',(66.,0.,0.));
#1352 = DIRECTION('',(-0.,1.,0.));
#1353 = DIRECTION('',(0.,0.,1.));
#1354 = ADVANCED_FACE('',(#1355,#1373,#1407,#1441,#1475),#1509,.T.);
#1355 = FACE_BOUND('',#1356,.T.);
#1356 = EDGE_LOOP('',(#1357,#1358,#1359,#1367));
#1357 = ORIENTED_EDGE('',*,*,#1313,.F.);
#1358 = ORIENTED_EDGE('',*,*,#1336,.T.);
#1359 = ORIENTED_EDGE('',*,*,#1360,.T.);
#1360 = EDGE_CURVE('',#1337,#1361,#1363,.T.);
#1361 = VERTEX_POINT('',#1362);
#1362 = CARTESIAN_POINT('',(86.,20.,1.5));
#1363 = LINE('',#1364,#1365);
#1364 = CARTESIAN_POINT('',(86.,0.,1.5));
#1365 = VECTOR('',#1366,1.);
#1366 = DIRECTION('',(-0.,1.,0.));
#1367 = ORIENTED_EDGE('',*,*,#1368,.F.);
#1368 = EDGE_CURVE('',#1306,#1361,#1369,.T.);
#1369 = LINE('',#1370,#1371);
#1370 = CARTESIAN_POINT('',(66.,20.,1.5));
#1371 = VECTOR('',#1372,1.);
#1372 = DIRECTION('',(1.,0.,-0.));
#1373 = FACE_BOUND('',#1374,.T.);
#1374 = EDGE_LOOP('',(#1375,#1385,#1393,#1401));
#1375 = ORIENTED_EDGE('',*,*,#1376,.T.);
#1376 = EDGE_CURVE('',#1377,#1379,#1381,.T.);
#1377 = VERTEX_POINT('',#1378);
#1378 = CARTESIAN_POINT('',(68.5,17.5,1.5));
#1379 = VERTEX_POINT('',#1380);
#1380 = CARTESIAN_POINT('',(67.5,17.5,1.5));
#1381 = LINE('',#1382,#1383);
#1382 = CARTESIAN_POINT('',(66.75,17.5,1.5));
#1383 = VECTOR('',#1384,1.);
#1384 = DIRECTION('',(-1.,-0.,0.));
#1385 = ORIENTED_EDGE('',*,*,#1386,.T.);
#1386 = EDGE_CURVE('',#1379,#1387,#1389,.T.);
#1387 = VERTEX_POINT('',#1388);
#1388 = CARTESIAN_POINT('',(67.5,19.5,1.5));
#1389 = LINE('',#1390,#1391);
#1390 = CARTESIAN_POINT('',(67.5,8.75,1.5));
#1391 = VECTOR('',#1392,1.);
#1392 = DIRECTION('',(-0.,1.,0.));
#1393 = ORIENTED_EDGE('',*,*,#1394,.F.);
#1394 = EDGE_CURVE('',#1395,#1387,#1397,.T.);
#1395 = VERTEX_POINT('',#1396);
#1396 = CARTESIAN_POINT('',(68.5,19.5,1.5));
#1397 = LINE('',#1398,#1399);
#1398 = CARTESIAN_POINT('',(66.75,19.5,1.5));
#1399 = VECTOR('',#1400,1.);
#1400 = DIRECTION('',(-1.,-0.,0.));
#1401 = ORIENTED_EDGE('',*,*,#1402,.F.);
#1402 = EDGE_CURVE('',#1377,#1395,#1403,.T.);
#1403 = LINE('',#1404,#1405);
#1404 = CARTESIAN_POINT('',(68.5,8.75,1.5));
#1405 = VECTOR('',#1406,1.);
#1406 = DIRECTION('',(-0.,1.,0.));
#1407 = FACE_BOUND('',#1408,.T.);
#1408 = EDGE_LOOP('',(#1409,#1419,#1427,#1435));
#1409 = ORIENTED_EDGE('',*,*,#1410,.T.);
#1410 = EDGE_CURVE('',#1411,#1413,#1415,.T.);
#1411 = VERTEX_POINT('',#1412);
#1412 = CARTESIAN_POINT('',(70.3,17.5,1.5));
#1413 = VERTEX_POINT('',#1414);
#1414 = CARTESIAN_POINT('',(69.3,17.5,1.5));
#1415 = LINE('',#1416,#1417);
#1416 = CARTESIAN_POINT('',(67.65,17.5,1.5));
#1417 = VECTOR('',#1418,1.);
#1418 = DIRECTION('',(-1.,-0.,0.));
#1419 = ORIENTED_EDGE('',*,*,#1420,.T.);
#1420 = EDGE_CURVE('',#1413,#1421,#1423,.T.);
#1421 = VERTEX_POINT('',#1422);
#1422 = CARTESIAN_POINT('',(69.3,19.5,1.5));
#1423 = LINE('',#1424,#1425);
#1424 = CARTESIAN_POINT('',(69.3,8.75,1.5));
#1425 = VECTOR('',#1426,1.);
#1426 = DIRECTION('',(-0.,1.,0.));
#1427 = ORIENTED_EDGE('',*,*,#1428,.F.);
#1428 = EDGE_CURVE('',#1429,#1421,#1431,.T.);
#1429 = VERTEX_POINT('',#1430);
#1430 = CARTESIAN_POINT('',(70.3,19.5,1.5));
#1431 = LINE('',#1432,#1433);
#1432 = CARTESIAN_POINT('',(67.65,19.5,1.5));
#1433 = VECTOR('',#1434,1.);
#1434 = DIRECTION('',(-1.,-0.,0.));
#1435 = ORIENTED_EDGE('',*,*,#1436,.F.);
#1436 = EDGE_CURVE('',#1411,#1429,#1437,.T.);
#1437 = LINE('',#1438,#1439);
#1438 = CARTESIAN_POINT('',(70.3,8.75,1.5));
#1439 = VECTOR('',#1440,1.);
#1440 = DIRECTION('',(-0.,1.,0.));
#1441 = FACE_BOUND('',#1442,.T.);
#1442 = EDGE_LOOP('',(#1443,#1453,#1461,#1469));
#1443 = ORIENTED_EDGE('',*,*,#1444,.T.);
#1444 = EDGE_CURVE('',#1445,#1447,#1449,.T.);
#1445 = VERTEX_POINT('',#1446);
#1446 = CARTESIAN_POINT('',(72.1,17.5,1.5));
#1447 = VERTEX_POINT('',#1448);
#1448 = CARTESIAN_POINT('',(71.1,17.5,1.5));
#1449 = LINE('',#1450,#1451);
#1450 = CARTESIAN_POINT('',(68.55,17.5,1.5));
#1451 = VECTOR('',#1452,1.);
#1452 = DIRECTION('',(-1.,-0.,0.));
#1453 = ORIENTED_EDGE('',*,*,#1454,.T.);
#1454 = EDGE_CURVE('',#1447,#1455,#1457,.T.);
#1455 = VERTEX_POINT('',#1456);
#1456 = CARTESIAN_POINT('',(71.1,19.5,1.5));
#1457 = LINE('',#1458,#1459);
#1458 = CARTESIAN_POINT('',(71.1,8.75,1.5));
#1459 = VECTOR('',#1460,1.);
#1460 = DIRECTION('',(-0.,1.,0.));
#1461 = ORIENTED_EDGE('',*,*,#1462,.F.);
#1462 = EDGE_CURVE('',#1463,#1455,#1465,.T.);
#1463 = VERTEX_POINT('',#1464);
#1464 = CARTESIAN_POINT('',(72.1,19.5,1.5));
#1465 = LINE('',#1466,#1467);
#1466 = CARTESIAN_POINT('',(68.55,19.5,1.5));
#1467 = VECTOR('',#1468,1.);
#1468 = DIRECTION('',(-1.,-0.,0.));
#1469 = ORIENTED_EDGE('',*,*,#1470,.F.);
#1470 = EDGE_CURVE('',#1445,#1463,#1471,.T.);
#1471 = LINE('',#1472,#1473);
#1472 = CARTESIAN_POINT('',(72.1,8.75,1.5));
#1473 = VECTOR('',#1474,1.);
#1474 = DIRECTION('',(-0.,1.,0.));
#1475 = FACE_BOUND('',#1476,.T.);
#1476 = EDGE_LOOP('',(#1477,#1487,#1495,#1503));
#1477 = ORIENTED_EDGE('',*,*,#1478,.T.);
#1478 = EDGE_CURVE('',#1479,#1481,#1483,.T.);
#1479 = VERTEX_POINT('',#1480);
#1480 = CARTESIAN_POINT('',(73.9,17.5,1.5));
#1481 = VERTEX_POINT('',#1482);
#1482 = CARTESIAN_POINT('',(72.9,17.5,1.5));
#1483 = LINE('',#1484,#1485);
#1484 = CARTESIAN_POINT('',(69.45,17.5,1.5));
#1485 = VECTOR('',#1486,1.);
#1486 = DIRECTION('',(-1.,-0.,0.));
#1487 = ORIENTED_EDGE('',*,*,#1488,.T.);
#1488 = EDGE_CURVE('',#1481,#1489,#1491,.T.);
#1489 = VERTEX_POINT('',#1490);
#1490 = CARTESIAN_POINT('',(72.9,19.5,1.5));
#1491 = LINE('',#1492,#1493);
#1492 = CARTESIAN_POINT('',(72.9,8.75,1.5));
#1493 = VECTOR('',#1494,1.);
#1494 = DIRECTION('',(-0.,1.,0.));
#1495 = ORIENTED_EDGE('',*,*,#1496,.F.);
#1496 = EDGE_CURVE('',#1497,#1489,#1499,.T.);
#1497 = VERTEX_POINT('',#1498);
#1498 = CARTESIAN_POINT('',(73.9,19.5,1.5));
#1499 = LINE('',#1500,#1501);
#1500 = CARTESIAN_POINT('',(69.45,19.5,1.5));
#1501 = VECTOR('',#1502,1.);
#1502 = DIRECTION('',(-1.,-0.,0.));
#1503 = ORIENTED_EDGE('',*,*,#1504,.F.);
#1504 = EDGE_CURVE('',#1479,#1497,#1505,.T.);
#1505 = LINE('',#1506,#1507);
#1506 = CARTESIAN_POINT('',(73.9,8.75,1.5));
#1507 = VECTOR('',#1508,1.);
#1508 = DIRECTION('',(-0.,1.,0.));
#1509 = PLANE('',#1510);
#1510 = AXIS2_PLACEMENT_3D('',#1511,#1512,#1513);
#1511 = CARTESIAN_POINT('',(66.,0.,1.5));
#1512 = DIRECTION('',(0.,0.,1.));
#1513 = DIRECTION('',(1.,0.,-0.));
#1514 = ADVANCED_FACE('',(#1515),#1533,.T.);
#1515 = FACE_BOUND('',#1516,.T.);
#1516 = EDGE_LOOP('',(#1517,#1525,#1526,#1527));
#1517 = ORIENTED_EDGE('',*,*,#1518,.F.);
#1518 = EDGE_CURVE('',#1298,#1519,#1521,.T.);
#1519 = VERTEX_POINT('',#1520);
#1520 = CARTESIAN_POINT('',(86.,20.,0.));
#1521 = LINE('',#1522,#1523);
#1522 = CARTESIAN_POINT('',(66.,20.,0.));
#1523 = VECTOR('',#1524,1.);
#1524 = DIRECTION('',(1.,0.,-0.));
#1525 = ORIENTED_EDGE('',*,*,#1305,.T.);
#1526 = ORIENTED_EDGE('',*,*,#1368,.T.);
#1527 = ORIENTED_EDGE('',*,*,#1528,.F.);
#1528 = EDGE_CURVE('',#1519,#1361,#1529,.T.);
#1529 = LINE('',#1530,#1531);
#1530 = CARTESIAN_POINT('',(86.,20.,0.));
#1531 = VECTOR('',#1532,1.);
#1532 = DIRECTION('',(0.,0.,1.));
#1533 = PLANE('',#1534);
#1534 = AXIS2_PLACEMENT_3D('',#1535,#1536,#1537);
#1535 = CARTESIAN_POINT('',(66.,20.,0.));
#1536 = DIRECTION('',(-0.,1.,0.));
#1537 = DIRECTION('',(0.,0.,1.));
#1538 = ADVANCED_FACE('',(#1539,#1550,#1584,#1618,#1652),#1686,.F.);
#1539 = FACE_BOUND('',#1540,.F.);
#1540 = EDGE_LOOP('',(#1541,#1542,#1543,#1549));
#1541 = ORIENTED_EDGE('',*,*,#1297,.F.);
#1542 = ORIENTED_EDGE('',*,*,#1327,.T.);
#1543 = ORIENTED_EDGE('',*,*,#1544,.T.);
#1544 = EDGE_CURVE('',#1328,#1519,#1545,.T.);
#1545 = LINE('',#1546,#1547);
#1546 = CARTESIAN_POINT('',(86.,0.,0.));
#1547 = VECTOR('',#1548,1.);
#1548 = DIRECTION('',(-0.,1.,0.));
#1549 = ORIENTED_EDGE('',*,*,#1518,.F.);
#1550 = FACE_BOUND('',#1551,.F.);
#1551 = EDGE_LOOP('',(#1552,#1562,#1570,#1578));
#1552 = ORIENTED_EDGE('',*,*,#1553,.T.);
#1553 = EDGE_CURVE('',#1554,#1556,#1558,.T.);
#1554 = VERTEX_POINT('',#1555);
#1555 = CARTESIAN_POINT('',(68.5,17.5,0.));
#1556 = VERTEX_POINT('',#1557);
#1557 = CARTESIAN_POINT('',(67.5,17.5,0.));
#1558 = LINE('',#1559,#1560);
#1559 = CARTESIAN_POINT('',(66.75,17.5,0.));
#1560 = VECTOR('',#1561,1.);
#1561 = DIRECTION('',(-1.,-0.,0.));
#1562 = ORIENTED_EDGE('',*,*,#1563,.T.);
#1563 = EDGE_CURVE('',#1556,#1564,#1566,.T.);
#1564 = VERTEX_POINT('',#1565);
#1565 = CARTESIAN_POINT('',(67.5,19.5,0.));
#1566 = LINE('',#1567,#1568);
#1567 = CARTESIAN_POINT('',(67.5,8.75,0.));
#1568 = VECTOR('',#1569,1.);
#1569 = DIRECTION('',(-0.,1.,0.));
#1570 = ORIENTED_EDGE('',*,*,#1571,.F.);
#1571 = EDGE_CURVE('',#1572,#1564,#1574,.T.);
#1572 = VERTEX_POINT('',#1573);
#1573 = CARTESIAN_POINT('',(68.5,19.5,0.));
#1574 = LINE('',#1575,#1576);
#1575 = CARTESIAN_POINT('',(66.75,19.5,0.));
#1576 = VECTOR('',#1577,1.);
#1577 = DIRECTION('',(-1.,-0.,0.));
#1578 = ORIENTED_EDGE('',*,*,#1579,.F.);
#1579 = EDGE_CURVE('',#1554,#1572,#1580,.T.);
#1580 = LINE('',#1581,#1582);
#1581 = CARTESIAN_POINT('',(68.5,8.75,0.));
#1582 = VECTOR('',#1583,1.);
#1583 = DIRECTION('',(-0.,1.,0.));
#1584 = FACE_BOUND('',#1585,.F.);
#1585 = EDGE_LOOP('',(#1586,#1596,#1604,#1612));
#1586 = ORIENTED_EDGE('',*,*,#1587,.T.);
#1587 = EDGE_CURVE('',#1588,#1590,#1592,.T.);
#1588 = VERTEX_POINT('',#1589);
#1589 = CARTESIAN_POINT('',(70.3,17.5,0.));
#1590 = VERTEX_POINT('',#1591);
#1591 = CARTESIAN_POINT('',(69.3,17.5,0.));
#1592 = LINE('',#1593,#1594);
#1593 = CARTESIAN_POINT('',(67.65,17.5,0.));
#1594 = VECTOR('',#1595,1.);
#1595 = DIRECTION('',(-1.,-0.,0.));
#1596 = ORIENTED_EDGE('',*,*,#1597,.T.);
#1597 = EDGE_CURVE('',#1590,#1598,#1600,.T.);
#1598 = VERTEX_POINT('',#1599);
#1599 = CARTESIAN_POINT('',(69.3,19.5,0.));
#1600 = LINE('',#1601,#1602);
#1601 = CARTESIAN_POINT('',(69.3,8.75,0.));
#1602 = VECTOR('',#1603,1.);
#1603 = DIRECTION('',(-0.,1.,0.));
#1604 = ORIENTED_EDGE('',*,*,#1605,.F.);
#1605 = EDGE_CURVE('',#1606,#1598,#1608,.T.);
#1606 = VERTEX_POINT('',#1607);
#1607 = CARTESIAN_POINT('',(70.3,19.5,0.));
#1608 = LINE('',#1609,#1610);
#1609 = CARTESIAN_POINT('',(67.65,19.5,0.));
#1610 = VECTOR('',#1611,1.);
#1611 = DIRECTION('',(-1.,-0.,0.));
#1612 = ORIENTED_EDGE('',*,*,#1613,.F.);
#1613 = EDGE_CURVE('',#1588,#1606,#1614,.T.);
#1614 = LINE('',#1615,#1616);
#1615 = CARTESIAN_POINT('',(70.3,8.75,0.));
#1616 = VECTOR('',#1617,1.);
#1617 = DIRECTION('',(-0.,1.,0.));
#1618 = FACE_BOUND('',#1619,.F.);
#1619 = EDGE_LOOP('',(#1620,#1630,#1638,#1646));
#1620 = ORIENTED_EDGE('',*,*,#1621,.T.);
#1621 = EDGE_CURVE('',#1622,#1624,#1626,.T.);
#1622 = VERTEX_POINT('',#1623);
#1623 = CARTESIAN_POINT('',(72.1,17.5,0.));
#1624 = VERTEX_POINT('',#1625);
#1625 = CARTESIAN_POINT('',(71.1,17.5,0.));
#1626 = LINE('',#1627,#1628);
#1627 = CARTESIAN_POINT('',(68.55,17.5,0.));
#1628 = VECTOR('',#1629,1.);
#1629 = DIRECTION('',(-1.,-0.,0.));
#1630 = ORIENTED_EDGE('',*,*,#1631,.T.);
#1631 = EDGE_CURVE('',#1624,#1632,#1634,.T.);
#1632 = VERTEX_POINT('',#1633);
#1633 = CARTESIAN_POINT('',(71.1,19.5,0.));
#1634 = LINE('',#1635,#1636);
#1635 = CARTESIAN_POINT('',(71.1,8.75,0.));
#1636 = VECTOR('',#1637,1.);
#1637 = DIRECTION('',(-0.,1.,0.));
#1638 = ORIENTED_EDGE('',*,*,#1639,.F.);
#1639 = EDGE_CURVE('',#1640,#1632,#1642,.T.);
#1640 = VERTEX_POINT('',#1641);
#1641 = CARTESIAN_POINT('',(72.1,19.5,0.));
#1642 = LINE('',#1643,#1644);
#1643 = CARTESIAN_POINT('',(68.55,19.5,0.));
#1644 = VECTOR('',#1645,1.);
#1645 = DIRECTION('',(-1.,-0.,0.));
#1646 = ORIENTED_EDGE('',*,*,#1647,.F.);
#1647 = EDGE_CURVE('',#1622,#1640,#1648,.T.);
#1648 = LINE('',#1649,#1650);
#1649 = CARTESIAN_POINT('',(72.1,8.75,0.));
#1650 = VECTOR('',#1651,1.);
#1651 = DIRECTION('',(-0.,1.,0.));
#1652 = FACE_BOUND('',#1653,.F.);
#1653 = EDGE_LOOP('',(#1654,#1664,#1672,#1680));
#1654 = ORIENTED_EDGE('',*,*,#1655,.T.);
#1655 = EDGE_CURVE('',#1656,#1658,#1660,.T.);
#1656 = VERTEX_POINT('',#1657);
#1657 = CARTESIAN_POINT('',(73.9,17.5,0.));
#1658 = VERTEX_POINT('',#1659);
#1659 = CARTESIAN_POINT('',(72.9,17.5,0.));
#1660 = LINE('',#1661,#1662);
#1661 = CARTESIAN_POINT('',(69.45,17.5,0.));
#1662 = VECTOR('',#1663,1.);
#1663 = DIRECTION('',(-1.,-0.,0.));
#1664 = ORIENTED_EDGE('',*,*,#1665,.T.);
#1665 = EDGE_CURVE('',#1658,#1666,#1668,.T.);
#1666 = VERTEX_POINT('',#1667);
#1667 = CARTESIAN_POINT('',(72.9,19.5,0.));
#1668 = LINE('',#1669,#1670);
#1669 = CARTESIAN_POINT('',(72.9,8.75,0.));
#1670 = VECTOR('',#1671,1.);
#1671 = DIRECTION('',(-0.,1.,0.));
#1672 = ORIENTED_EDGE('',*,*,#1673,.F.);
#1673 = EDGE_CURVE('',#1674,#1666,#1676,.T.);
#1674 = VERTEX_POINT('',#1675);
#1675 = CARTESIAN_POINT('',(73.9,19.5,0.));
#1676 = LINE('',#1677,#1678);
#1677 = CARTESIAN_POINT('',(69.45,19.5,0.));
#1678 = VECTOR('',#1679,1.);
#1679 = DIRECTION('',(-1.,-0.,0.));
#1680 = ORIENTED_EDGE('',*,*,#1681,.F.);
#1681 = EDGE_CURVE('',#1656,#1674,#1682,.T.);
#1682 = LINE('',#1683,#1684);
#1683 = CARTESIAN_POINT('',(73.9,8.75,0.));
#1684 = VECTOR('',#1685,1.);
#1685 = DIRECTION('',(-0.,1.,0.));
#1686 = PLANE('',#1687);
#1687 = AXIS2_PLACEMENT_3D('',#1688,#1689,#1690);
#1688 = CARTESIAN_POINT('',(66.,0.,0.));
#1689 = DIRECTION('',(0.,0.,1.));
#1690 = DIRECTION('',(1.,0.,-0.));
#1691 = ADVANCED_FACE('',(#1692),#1698,.T.);
#1692 = FACE_BOUND('',#1693,.T.);
#1693 = EDGE_LOOP('',(#1694,#1695,#1696,#1697));
#1694 = ORIENTED_EDGE('',*,*,#1344,.F.);
#1695 = ORIENTED_EDGE('',*,*,#1544,.T.);
#1696 = ORIENTED_EDGE('',*,*,#1528,.T.);
#1697 = ORIENTED_EDGE('',*,*,#1360,.F.);
#1698 = PLANE('',#1699);
#1699 = AXIS2_PLACEMENT_3D('',#1700,#1701,#1702);
#1700 = CARTESIAN_POINT('',(86.,0.,0.));
#1701 = DIRECTION('',(1.,0.,-0.));
#1702 = DIRECTION('',(0.,0.,1.));
#1703 = ADVANCED_FACE('',(#1704),#1720,.T.);
#1704 = FACE_BOUND('',#1705,.T.);
#1705 = EDGE_LOOP('',(#1706,#1712,#1713,#1719));
#1706 = ORIENTED_EDGE('',*,*,#1707,.F.);
#1707 = EDGE_CURVE('',#1554,#1377,#1708,.T.);
#1708 = LINE('',#1709,#1710);
#1709 = CARTESIAN_POINT('',(68.5,17.5,-0.5));
#1710 = VECTOR('',#1711,1.);
#1711 = DIRECTION('',(0.,0.,1.));
#1712 = ORIENTED_EDGE('',*,*,#1553,.T.);
#1713 = ORIENTED_EDGE('',*,*,#1714,.T.);
#1714 = EDGE_CURVE('',#1556,#1379,#1715,.T.);
#1715 = LINE('',#1716,#1717);
#1716 = CARTESIAN_POINT('',(67.5,17.5,-0.5));
#1717 = VECTOR('',#1718,1.);
#1718 = DIRECTION('',(0.,0.,1.));
#1719 = ORIENTED_EDGE('',*,*,#1376,.F.);
#1720 = PLANE('',#1721);
#1721 = AXIS2_PLACEMENT_3D('',#1722,#1723,#1724);
#1722 = CARTESIAN_POINT('',(67.5,17.5,-0.5));
#1723 = DIRECTION('',(-0.,1.,0.));
#1724 = DIRECTION('',(0.,0.,1.));
#1725 = ADVANCED_FACE('',(#1726),#1737,.F.);
#1726 = FACE_BOUND('',#1727,.F.);
#1727 = EDGE_LOOP('',(#1728,#1729,#1730,#1736));
#1728 = ORIENTED_EDGE('',*,*,#1707,.F.);
#1729 = ORIENTED_EDGE('',*,*,#1579,.T.);
#1730 = ORIENTED_EDGE('',*,*,#1731,.T.);
#1731 = EDGE_CURVE('',#1572,#1395,#1732,.T.);
#1732 = LINE('',#1733,#1734);
#1733 = CARTESIAN_POINT('',(68.5,19.5,-0.5));
#1734 = VECTOR('',#1735,1.);
#1735 = DIRECTION('',(0.,0.,1.));
#1736 = ORIENTED_EDGE('',*,*,#1402,.F.);
#1737 = PLANE('',#1738);
#1738 = AXIS2_PLACEMENT_3D('',#1739,#1740,#1741);
#1739 = CARTESIAN_POINT('',(68.5,17.5,-0.5));
#1740 = DIRECTION('',(1.,0.,-0.));
#1741 = DIRECTION('',(0.,0.,1.));
#1742 = ADVANCED_FACE('',(#1743),#1754,.T.);
#1743 = FACE_BOUND('',#1744,.T.);
#1744 = EDGE_LOOP('',(#1745,#1746,#1747,#1753));
#1745 = ORIENTED_EDGE('',*,*,#1714,.F.);
#1746 = ORIENTED_EDGE('',*,*,#1563,.T.);
#1747 = ORIENTED_EDGE('',*,*,#1748,.T.);
#1748 = EDGE_CURVE('',#1564,#1387,#1749,.T.);
#1749 = LINE('',#1750,#1751);
#1750 = CARTESIAN_POINT('',(67.5,19.5,-0.5));
#1751 = VECTOR('',#1752,1.);
#1752 = DIRECTION('',(0.,0.,1.));
#1753 = ORIENTED_EDGE('',*,*,#1386,.F.);
#1754 = PLANE('',#1755);
#1755 = AXIS2_PLACEMENT_3D('',#1756,#1757,#1758);
#1756 = CARTESIAN_POINT('',(67.5,17.5,-0.5));
#1757 = DIRECTION('',(1.,0.,-0.));
#1758 = DIRECTION('',(0.,0.,1.));
#1759 = ADVANCED_FACE('',(#1760),#1766,.F.);
#1760 = FACE_BOUND('',#1761,.F.);
#1761 = EDGE_LOOP('',(#1762,#1763,#1764,#1765));
#1762 = ORIENTED_EDGE('',*,*,#1731,.F.);
#1763 = ORIENTED_EDGE('',*,*,#1571,.T.);
#1764 = ORIENTED_EDGE('',*,*,#1748,.T.);
#1765 = ORIENTED_EDGE('',*,*,#1394,.F.);
#1766 = PLANE('',#1767);
#1767 = AXIS2_PLACEMENT_3D('',#1768,#1769,#1770);
#1768 = CARTESIAN_POINT('',(67.5,19.5,-0.5));
#1769 = DIRECTION('',(-0.,1.,0.));
#1770 = DIRECTION('',(0.,0.,1.));
#1771 = ADVANCED_FACE('',(#1772),#1788,.T.);
#1772 = FACE_BOUND('',#1773,.T.);
#1773 = EDGE_LOOP('',(#1774,#1780,#1781,#1787));
#1774 = ORIENTED_EDGE('',*,*,#1775,.F.);
#1775 = EDGE_CURVE('',#1588,#1411,#1776,.T.);
#1776 = LINE('',#1777,#1778);
#1777 = CARTESIAN_POINT('',(70.3,17.5,-0.5));
#1778 = VECTOR('',#1779,1.);
#1779 = DIRECTION('',(0.,0.,1.));
#1780 = ORIENTED_EDGE('',*,*,#1587,.T.);
#1781 = ORIENTED_EDGE('',*,*,#1782,.T.);
#1782 = EDGE_CURVE('',#1590,#1413,#1783,.T.);
#1783 = LINE('',#1784,#1785);
#1784 = CARTESIAN_POINT('',(69.3,17.5,-0.5));
#1785 = VECTOR('',#1786,1.);
#1786 = DIRECTION('',(0.,0.,1.));
#1787 = ORIENTED_EDGE('',*,*,#1410,.F.);
#1788 = PLANE('',#1789);
#1789 = AXIS2_PLACEMENT_3D('',#1790,#1791,#1792);
#1790 = CARTESIAN_POINT('',(69.3,17.5,-0.5));
#1791 = DIRECTION('',(-0.,1.,0.));
#1792 = DIRECTION('',(0.,0.,1.));
#1793 = ADVANCED_FACE('',(#1794),#1805,.F.);
#1794 = FACE_BOUND('',#1795,.F.);
#1795 = EDGE_LOOP('',(#1796,#1797,#1798,#1804));
#1796 = ORIENTED_EDGE('',*,*,#1775,.F.);
#1797 = ORIENTED_EDGE('',*,*,#1613,.T.);
#1798 = ORIENTED_EDGE('',*,*,#1799,.T.);
#1799 = EDGE_CURVE('',#1606,#1429,#1800,.T.);
#1800 = LINE('',#1801,#1802);
#1801 = CARTESIAN_POINT('',(70.3,19.5,-0.5));
#1802 = VECTOR('',#1803,1.);
#1803 = DIRECTION('',(0.,0.,1.));
#1804 = ORIENTED_EDGE('',*,*,#1436,.F.);
#1805 = PLANE('',#1806);
#1806 = AXIS2_PLACEMENT_3D('',#1807,#1808,#1809);
#1807 = CARTESIAN_POINT('',(70.3,17.5,-0.5));
#1808 = DIRECTION('',(1.,0.,-0.));
#1809 = DIRECTION('',(0.,0.,1.));
#1810 = ADVANCED_FACE('',(#1811),#1822,.T.);
#1811 = FACE_BOUND('',#1812,.T.);
#1812 = EDGE_LOOP('',(#1813,#1814,#1815,#1821));
#1813 = ORIENTED_EDGE('',*,*,#1782,.F.);
#1814 = ORIENTED_EDGE('',*,*,#1597,.T.);
#1815 = ORIENTED_EDGE('',*,*,#1816,.T.);
#1816 = EDGE_CURVE('',#1598,#1421,#1817,.T.);
#1817 = LINE('',#1818,#1819);
#1818 = CARTESIAN_POINT('',(69.3,19.5,-0.5));
#1819 = VECTOR('',#1820,1.);
#1820 = DIRECTION('',(0.,0.,1.));
#1821 = ORIENTED_EDGE('',*,*,#1420,.F.);
#1822 = PLANE('',#1823);
#1823 = AXIS2_PLACEMENT_3D('',#1824,#1825,#1826);
#1824 = CARTESIAN_POINT('',(69.3,17.5,-0.5));
#1825 = DIRECTION('',(1.,0.,-0.));
#1826 = DIRECTION('',(0.,0.,1.));
#1827 = ADVANCED_FACE('',(#1828),#1834,.F.);
#1828 = FACE_BOUND('',#1829,.F.);
#1829 = EDGE_LOOP('',(#1830,#1831,#1832,#1833));
#1830 = ORIENTED_EDGE('',*,*,#1799,.F.);
#1831 = ORIENTED_EDGE('',*,*,#1605,.T.);
#1832 = ORIENTED_EDGE('',*,*,#1816,.T.);
#1833 = ORIENTED_EDGE('',*,*,#1428,.F.);
#1834 = PLANE('',#1835);
#1835 = AXIS2_PLACEMENT_3D('',#1836,#1837,#1838);
#1836 = CARTESIAN_POINT('',(69.3,19.5,-0.5));
#1837 = DIRECTION('',(-0.,1.,0.));
#1838 = DIRECTION('',(0.,0.,1.));
#1839 = ADVANCED_FACE('',(#1840),#1856,.T.);
#1840 = FACE_BOUND('',#1841,.T.);
#1841 = EDGE_LOOP('',(#1842,#1848,#1849,#1855));
#1842 = ORIENTED_EDGE('',*,*,#1843,.F.);
#1843 = EDGE_CURVE('',#1622,#1445,#1844,.T.);
#1844 = LINE('',#1845,#1846);
#1845 = CARTESIAN_POINT('',(72.1,17.5,-0.5));
#1846 = VECTOR('',#1847,1.);
#1847 = DIRECTION('',(0.,0.,1.));
#1848 = ORIENTED_EDGE('',*,*,#1621,.T.);
#1849 = ORIENTED_EDGE('',*,*,#1850,.T.);
#1850 = EDGE_CURVE('',#1624,#1447,#1851,.T.);
#1851 = LINE('',#1852,#1853);
#1852 = CARTESIAN_POINT('',(71.1,17.5,-0.5));
#1853 = VECTOR('',#1854,1.);
#1854 = DIRECTION('',(0.,0.,1.));
#1855 = ORIENTED_EDGE('',*,*,#1444,.F.);
#1856 = PLANE('',#1857);
#1857 = AXIS2_PLACEMENT_3D('',#1858,#1859,#1860);
#1858 = CARTESIAN_POINT('',(71.1,17.5,-0.5));
#1859 = DIRECTION('',(-0.,1.,0.));
#1860 = DIRECTION('',(0.,0.,1.));
#1861 = ADVANCED_FACE('',(#1862),#1873,.F.);
#1862 = FACE_BOUND('',#1863,.F.);
#1863 = EDGE_LOOP('',(#1864,#1865,#1866,#1872));
#1864 = ORIENTED_EDGE('',*,*,#1843,.F.);
#1865 = ORIENTED_EDGE('',*,*,#1647,.T.);
#1866 = ORIENTED_EDGE('',*,*,#1867,.T.);
#1867 = EDGE_CURVE('',#1640,#1463,#1868,.T.);
#1868 = LINE('',#1869,#1870);
#1869 = CARTESIAN_POINT('',(72.1,19.5,-0.5));
#1870 = VECTOR('',#1871,1.);
#1871 = DIRECTION('',(0.,0.,1.));
#1872 = ORIENTED_EDGE('',*,*,#1470,.F.);
#1873 = PLANE('',#1874);
#1874 = AXIS2_PLACEMENT_3D('',#1875,#1876,#1877);
#1875 = CARTESIAN_POINT('',(72.1,17.5,-0.5));
#1876 = DIRECTION('',(1.,0.,-0.));
#1877 = DIRECTION('',(0.,0.,1.));
#1878 = ADVANCED_FACE('',(#1879),#1890,.T.);
#1879 = FACE_BOUND('',#1880,.T.);
#1880 = EDGE_LOOP('',(#1881,#1882,#1883,#1889));
#1881 = ORIENTED_EDGE('',*,*,#1850,.F.);
#1882 = ORIENTED_EDGE('',*,*,#1631,.T.);
#1883 = ORIENTED_EDGE('',*,*,#1884,.T.);
#1884 = EDGE_CURVE('',#1632,#1455,#1885,.T.);
#1885 = LINE('',#1886,#1887);
#1886 = CARTESIAN_POINT('',(71.1,19.5,-0.5));
#1887 = VECTOR('',#1888,1.);
#1888 = DIRECTION('',(0.,0.,1.));
#1889 = ORIENTED_EDGE('',*,*,#1454,.F.);
#1890 = PLANE('',#1891);
#1891 = AXIS2_PLACEMENT_3D('',#1892,#1893,#1894);
#1892 = CARTESIAN_POINT('',(71.1,17.5,-0.5));
#1893 = DIRECTION('',(1.,0.,-0.));
#1894 = DIRECTION('',(0.,0.,1.));
#1895 = ADVANCED_FACE('',(#1896),#1902,.F.);
#1896 = FACE_BOUND('',#1897,.F.);
#1897 = EDGE_LOOP('',(#1898,#1899,#1900,#1901));
#1898 = ORIENTED_EDGE('',*,*,#1867,.F.);
#1899 = ORIENTED_EDGE('',*,*,#1639,.T.);
#1900 = ORIENTED_EDGE('',*,*,#1884,.T.);
#1901 = ORIENTED_EDGE('',*,*,#1462,.F.);
#1902 = PLANE('',#1903);
#1903 = AXIS2_PLACEMENT_3D('',#1904,#1905,#1906);
#1904 = CARTESIAN_POINT('',(71.1,19.5,-0.5));
#1905 = DIRECTION('',(-0.,1.,0.));
#1906 = DIRECTION('',(0.,0.,1.));
#1907 = ADVANCED_FACE('',(#1908),#1924,.T.);
#1908 = FACE_BOUND('',#1909,.T.);
#1909 = EDGE_LOOP('',(#1910,#1916,#1917,#1923));
#1910 = ORIENTED_EDGE('',*,*,#1911,.F.);
#1911 = EDGE_CURVE('',#1656,#1479,#1912,.T.);
#1912 = LINE('',#1913,#1914);
#1913 = CARTESIAN_POINT('',(73.9,17.5,-0.5));
#1914 = VECTOR('',#1915,1.);
#1915 = DIRECTION('',(0.,0.,1.));
#1916 = ORIENTED_EDGE('',*,*,#1655,.T.);
#1917 = ORIENTED_EDGE('',*,*,#1918,.T.);
#1918 = EDGE_CURVE('',#1658,#1481,#1919,.T.);
#1919 = LINE('',#1920,#1921);
#1920 = CARTESIAN_POINT('',(72.9,17.5,-0.5));
#1921 = VECTOR('',#1922,1.);
#1922 = DIRECTION('',(0.,0.,1.));
#1923 = ORIENTED_EDGE('',*,*,#1478,.F.);
#1924 = PLANE('',#1925);
#1925 = AXIS2_PLACEMENT_3D('',#1926,#1927,#1928);
#1926 = CARTESIAN_POINT('',(72.9,17.5,-0.5));
#1927 = DIRECTION('',(-0.,1.,0.));
#1928 = DIRECTION('',(0.,0.,1.));
#1929 = ADVANCED_FACE('',(#1930),#1941,.F.);
#1930 = FACE_BOUND('',#1931,.F.);
#1931 = EDGE_LOOP('',(#1932,#1933,#1934,#1940));
#1932 = ORIENTED_EDGE('',*,*,#1911,.F.);
#1933 = ORIENTED_EDGE('',*,*,#1681,.T.);
#1934 = ORIENTED_EDGE('',*,*,#1935,.T.);
#1935 = EDGE_CURVE('',#1674,#1497,#1936,.T.);
#1936 = LINE('',#1937,#1938);
#1937 = CARTESIAN_POINT('',(73.9,19.5,-0.5));
#1938 = VECTOR('',#1939,1.);
#1939 = DIRECTION('',(0.,0.,1.));
#1940 = ORIENTED_EDGE('',*,*,#1504,.F.);
#1941 = PLANE('',#1942);
#1942 = AXIS2_PLACEMENT_3D('',#1943,#1944,#1945);
#1943 = CARTESIAN_POINT('',(73.9,17.5,-0.5));
#1944 = DIRECTION('',(1.,0.,-0.));
#1945 = DIRECTION('',(0.,0.,1.));
#1946 = ADVANCED_FACE('',(#1947),#1958,.F.);
#1947 = FACE_BOUND('',#1948,.F.);
#1948 = EDGE_LOOP('',(#1949,#1950,#1951,#1957));
#1949 = ORIENTED_EDGE('',*,*,#1935,.F.);
#1950 = ORIENTED_EDGE('',*,*,#1673,.T.);
#1951 = ORIENTED_EDGE('',*,*,#1952,.T.);
#1952 = EDGE_CURVE('',#1666,#1489,#1953,.T.);
#1953 = LINE('',#1954,#1955);
#1954 = CARTESIAN_POINT('',(72.9,19.5,-0.5));
#1955 = VECTOR('',#1956,1.);
#1956 = DIRECTION('',(0.,0.,1.));
#1957 = ORIENTED_EDGE('',*,*,#1496,.F.);
#1958 = PLANE('',#1959);
#1959 = AXIS2_PLACEMENT_3D('',#1960,#1961,#1962);
#1960 = CARTESIAN_POINT('',(72.9,19.5,-0.5));
#1961 = DIRECTION('',(-0.,1.,0.));
#1962 = DIRECTION('',(0.,0.,1.));
#1963 = ADVANCED_FACE('',(#1964),#1970,.T.);
#1964 = FACE_BOUND('',#1965,.T.);
#1965 = EDGE_LOOP('',(#1966,#1967,#1968,#1969));
#1966 = ORIENTED_EDGE('',*,*,#1918,.F.);
#1967 = ORIENTED_EDGE('',*,*,#1665,.T.);
#1968 = ORIENTED_EDGE('',*,*,#1952,.T.);
#1969 = ORIENTED_EDGE('',*,*,#1488,.F.);
#1970 = PLANE('',#1971);
#1971 = AXIS2_PLACEMENT_3D('',#1972,#1973,#1974);
#1972 = CARTESIAN_POINT('',(72.9,17.5,-0.5));
#1973 = DIRECTION('',(1.,0.,-0.));
#1974 = DIRECTION('',(0.,0.,1.));
#1975 = MANIFOLD_SOLID_BREP('',#1976);
#1976 = CLOSED_SHELL('',(#1977,#2017,#2048,#2242,#2266,#2453,#2465,#2487
    ,#2504,#2521,#2533,#2555,#2572,#2589,#2601,#2623,#2640,#2657,#2669,
    #2691,#2708,#2725,#2737,#2759,#2776,#2793));
#1977 = ADVANCED_FACE('',(#1978),#2012,.F.);
#1978 = FACE_BOUND('',#1979,.F.);
#1979 = EDGE_LOOP('',(#1980,#1990,#1998,#2006));
#1980 = ORIENTED_EDGE('',*,*,#1981,.F.);
#1981 = EDGE_CURVE('',#1982,#1984,#1986,.T.);
#1982 = VERTEX_POINT('',#1983);
#1983 = CARTESIAN_POINT('',(88.,0.,0.));
#1984 = VERTEX_POINT('',#1985);
#1985 = CARTESIAN_POINT('',(88.,0.,1.6));
#1986 = LINE('',#1987,#1988);
#1987 = CARTESIAN_POINT('',(88.,0.,0.));
#1988 = VECTOR('',#1989,1.);
#1989 = DIRECTION('',(0.,0.,1.));
#1990 = ORIENTED_EDGE('',*,*,#1991,.T.);
#1991 = EDGE_CURVE('',#1982,#1992,#1994,.T.);
#1992 = VERTEX_POINT('',#1993);
#1993 = CARTESIAN_POINT('',(88.,20.,0.));
#1994 = LINE('',#1995,#1996);
#1995 = CARTESIAN_POINT('',(88.,0.,0.));
#1996 = VECTOR('',#1997,1.);
#1997 = DIRECTION('',(-0.,1.,0.));
#1998 = ORIENTED_EDGE('',*,*,#1999,.T.);
#1999 = EDGE_CURVE('',#1992,#2000,#2002,.T.);
#2000 = VERTEX_POINT('',#2001);
#2001 = CARTESIAN_POINT('',(88.,20.,1.6));
#2002 = LINE('',#2003,#2004);
#2003 = CARTESIAN_POINT('',(88.,20.,0.));
#2004 = VECTOR('',#2005,1.);
#2005 = DIRECTION('',(0.,0.,1.));
#2006 = ORIENTED_EDGE('',*,*,#2007,.F.);
#2007 = EDGE_CURVE('',#1984,#2000,#2008,.T.);
#2008 = LINE('',#2009,#2010);
#2009 = CARTESIAN_POINT('',(88.,0.,1.6));
#2010 = VECTOR('',#2011,1.);
#2011 = DIRECTION('',(-0.,1.,0.));
#2012 = PLANE('',#2013);
#2013 = AXIS2_PLACEMENT_3D('',#2014,#2015,#2016);
#2014 = CARTESIAN_POINT('',(88.,0.,0.));
#2015 = DIRECTION('',(1.,0.,-0.));
#2016 = DIRECTION('',(0.,0.,1.));
#2017 = ADVANCED_FACE('',(#2018),#2043,.F.);
#2018 = FACE_BOUND('',#2019,.F.);
#2019 = EDGE_LOOP('',(#2020,#2028,#2029,#2037));
#2020 = ORIENTED_EDGE('',*,*,#2021,.F.);
#2021 = EDGE_CURVE('',#1982,#2022,#2024,.T.);
#2022 = VERTEX_POINT('',#2023);
#2023 = CARTESIAN_POINT('',(108.,0.,0.));
#2024 = LINE('',#2025,#2026);
#2025 = CARTESIAN_POINT('',(88.,0.,0.));
#2026 = VECTOR('',#2027,1.);
#2027 = DIRECTION('',(1.,0.,-0.));
#2028 = ORIENTED_EDGE('',*,*,#1981,.T.);
#2029 = ORIENTED_EDGE('',*,*,#2030,.T.);
#2030 = EDGE_CURVE('',#1984,#2031,#2033,.T.);
#2031 = VERTEX_POINT('',#2032);
#2032 = CARTESIAN_POINT('',(108.,0.,1.6));
#2033 = LINE('',#2034,#2035);
#2034 = CARTESIAN_POINT('',(88.,0.,1.6));
#2035 = VECTOR('',#2036,1.);
#2036 = DIRECTION('',(1.,0.,-0.));
#2037 = ORIENTED_EDGE('',*,*,#2038,.F.);
#2038 = EDGE_CURVE('',#2022,#2031,#2039,.T.);
#2039 = LINE('',#2040,#2041);
#2040 = CARTESIAN_POINT('',(108.,0.,0.));
#2041 = VECTOR('',#2042,1.);
#2042 = DIRECTION('',(0.,0.,1.));
#2043 = PLANE('',#2044);
#2044 = AXIS2_PLACEMENT_3D('',#2045,#2046,#2047);
#2045 = CARTESIAN_POINT('',(88.,0.,0.));
#2046 = DIRECTION('',(-0.,1.,0.));
#2047 = DIRECTION('',(0.,0.,1.));
#2048 = ADVANCED_FACE('',(#2049,#2067,#2101,#2135,#2169,#2203),#2237,.T.
  );
#2049 = FACE_BOUND('',#2050,.T.);
#2050 = EDGE_LOOP('',(#2051,#2052,#2053,#2061));
#2051 = ORIENTED_EDGE('',*,*,#2007,.F.);
#2052 = ORIENTED_EDGE('',*,*,#2030,.T.);
#2053 = ORIENTED_EDGE('',*,*,#2054,.T.);
#2054 = EDGE_CURVE('',#2031,#2055,#2057,.T.);
#2055 = VERTEX_POINT('',#2056);
#2056 = CARTESIAN_POINT('',(108.,20.,1.6));
#2057 = LINE('',#2058,#2059);
#2058 = CARTESIAN_POINT('',(108.,0.,1.6));
#2059 = VECTOR('',#2060,1.);
#2060 = DIRECTION('',(-0.,1.,0.));
#2061 = ORIENTED_EDGE('',*,*,#2062,.F.);
#2062 = EDGE_CURVE('',#2000,#2055,#2063,.T.);
#2063 = LINE('',#2064,#2065);
#2064 = CARTESIAN_POINT('',(88.,20.,1.6));
#2065 = VECTOR('',#2066,1.);
#2066 = DIRECTION('',(1.,0.,-0.));
#2067 = FACE_BOUND('',#2068,.T.);
#2068 = EDGE_LOOP('',(#2069,#2079,#2087,#2095));
#2069 = ORIENTED_EDGE('',*,*,#2070,.T.);
#2070 = EDGE_CURVE('',#2071,#2073,#2075,.T.);
#2071 = VERTEX_POINT('',#2072);
#2072 = CARTESIAN_POINT('',(90.5,17.5,1.6));
#2073 = VERTEX_POINT('',#2074);
#2074 = CARTESIAN_POINT('',(89.5,17.5,1.6));
#2075 = LINE('',#2076,#2077);
#2076 = CARTESIAN_POINT('',(88.75,17.5,1.6));
#2077 = VECTOR('',#2078,1.);
#2078 = DIRECTION('',(-1.,-0.,0.));
#2079 = ORIENTED_EDGE('',*,*,#2080,.T.);
#2080 = EDGE_CURVE('',#2073,#2081,#2083,.T.);
#2081 = VERTEX_POINT('',#2082);
#2082 = CARTESIAN_POINT('',(89.5,19.5,1.6));
#2083 = LINE('',#2084,#2085);
#2084 = CARTESIAN_POINT('',(89.5,8.75,1.6));
#2085 = VECTOR('',#2086,1.);
#2086 = DIRECTION('',(-0.,1.,0.));
#2087 = ORIENTED_EDGE('',*,*,#2088,.F.);
#2088 = EDGE_CURVE('',#2089,#2081,#2091,.T.);
#2089 = VERTEX_POINT('',#2090);
#2090 = CARTESIAN_POINT('',(90.5,19.5,1.6));
#2091 = LINE('',#2092,#2093);
#2092 = CARTESIAN_POINT('',(88.75,19.5,1.6));
#2093 = VECTOR('',#2094,1.);
#2094 = DIRECTION('',(-1.,-0.,0.));
#2095 = ORIENTED_EDGE('',*,*,#2096,.F.);
#2096 = EDGE_CURVE('',#2071,#2089,#2097,.T.);
#2097 = LINE('',#2098,#2099);
#2098 = CARTESIAN_POINT('',(90.5,8.75,1.6));
#2099 = VECTOR('',#2100,1.);
#2100 = DIRECTION('',(-0.,1.,0.));
#2101 = FACE_BOUND('',#2102,.T.);
#2102 = EDGE_LOOP('',(#2103,#2113,#2121,#2129));
#2103 = ORIENTED_EDGE('',*,*,#2104,.T.);
#2104 = EDGE_CURVE('',#2105,#2107,#2109,.T.);
#2105 = VERTEX_POINT('',#2106);
#2106 = CARTESIAN_POINT('',(92.3,17.5,1.6));
#2107 = VERTEX_POINT('',#2108);
#2108 = CARTESIAN_POINT('',(91.3,17.5,1.6));
#2109 = LINE('',#2110,#2111);
#2110 = CARTESIAN_POINT('',(89.65,17.5,1.6));
#2111 = VECTOR('',#2112,1.);
#2112 = DIRECTION('',(-1.,-0.,0.));
#2113 = ORIENTED_EDGE('',*,*,#2114,.T.);
#2114 = EDGE_CURVE('',#2107,#2115,#2117,.T.);
#2115 = VERTEX_POINT('',#2116);
#2116 = CARTESIAN_POINT('',(91.3,19.5,1.6));
#2117 = LINE('',#2118,#2119);
#2118 = CARTESIAN_POINT('',(91.3,8.75,1.6));
#2119 = VECTOR('',#2120,1.);
#2120 = DIRECTION('',(-0.,1.,0.));
#2121 = ORIENTED_EDGE('',*,*,#2122,.F.);
#2122 = EDGE_CURVE('',#2123,#2115,#2125,.T.);
#2123 = VERTEX_POINT('',#2124);
#2124 = CARTESIAN_POINT('',(92.3,19.5,1.6));
#2125 = LINE('',#2126,#2127);
#2126 = CARTESIAN_POINT('',(89.65,19.5,1.6));
#2127 = VECTOR('',#2128,1.);
#2128 = DIRECTION('',(-1.,-0.,0.));
#2129 = ORIENTED_EDGE('',*,*,#2130,.F.);
#2130 = EDGE_CURVE('',#2105,#2123,#2131,.T.);
#2131 = LINE('',#2132,#2133);
#2132 = CARTESIAN_POINT('',(92.3,8.75,1.6));
#2133 = VECTOR('',#2134,1.);
#2134 = DIRECTION('',(-0.,1.,0.));
#2135 = FACE_BOUND('',#2136,.T.);
#2136 = EDGE_LOOP('',(#2137,#2147,#2155,#2163));
#2137 = ORIENTED_EDGE('',*,*,#2138,.T.);
#2138 = EDGE_CURVE('',#2139,#2141,#2143,.T.);
#2139 = VERTEX_POINT('',#2140);
#2140 = CARTESIAN_POINT('',(94.1,17.5,1.6));
#2141 = VERTEX_POINT('',#2142);
#2142 = CARTESIAN_POINT('',(93.1,17.5,1.6));
#2143 = LINE('',#2144,#2145);
#2144 = CARTESIAN_POINT('',(90.55,17.5,1.6));
#2145 = VECTOR('',#2146,1.);
#2146 = DIRECTION('',(-1.,-0.,0.));
#2147 = ORIENTED_EDGE('',*,*,#2148,.T.);
#2148 = EDGE_CURVE('',#2141,#2149,#2151,.T.);
#2149 = VERTEX_POINT('',#2150);
#2150 = CARTESIAN_POINT('',(93.1,19.5,1.6));
#2151 = LINE('',#2152,#2153);
#2152 = CARTESIAN_POINT('',(93.1,8.75,1.6));
#2153 = VECTOR('',#2154,1.);
#2154 = DIRECTION('',(-0.,1.,0.));
#2155 = ORIENTED_EDGE('',*,*,#2156,.F.);
#2156 = EDGE_CURVE('',#2157,#2149,#2159,.T.);
#2157 = VERTEX_POINT('',#2158);
#2158 = CARTESIAN_POINT('',(94.1,19.5,1.6));
#2159 = LINE('',#2160,#2161);
#2160 = CARTESIAN_POINT('',(90.55,19.5,1.6));
#2161 = VECTOR('',#2162,1.);
#2162 = DIRECTION('',(-1.,-0.,0.));
#2163 = ORIENTED_EDGE('',*,*,#2164,.F.);
#2164 = EDGE_CURVE('',#2139,#2157,#2165,.T.);
#2165 = LINE('',#2166,#2167);
#2166 = CARTESIAN_POINT('',(94.1,8.75,1.6));
#2167 = VECTOR('',#2168,1.);
#2168 = DIRECTION('',(-0.,1.,0.));
#2169 = FACE_BOUND('',#2170,.T.);
#2170 = EDGE_LOOP('',(#2171,#2181,#2189,#2197));
#2171 = ORIENTED_EDGE('',*,*,#2172,.T.);
#2172 = EDGE_CURVE('',#2173,#2175,#2177,.T.);
#2173 = VERTEX_POINT('',#2174);
#2174 = CARTESIAN_POINT('',(95.9,17.5,1.6));
#2175 = VERTEX_POINT('',#2176);
#2176 = CARTESIAN_POINT('',(94.9,17.5,1.6));
#2177 = LINE('',#2178,#2179);
#2178 = CARTESIAN_POINT('',(91.45,17.5,1.6));
#2179 = VECTOR('',#2180,1.);
#2180 = DIRECTION('',(-1.,-0.,0.));
#2181 = ORIENTED_EDGE('',*,*,#2182,.T.);
#2182 = EDGE_CURVE('',#2175,#2183,#2185,.T.);
#2183 = VERTEX_POINT('',#2184);
#2184 = CARTESIAN_POINT('',(94.9,19.5,1.6));
#2185 = LINE('',#2186,#2187);
#2186 = CARTESIAN_POINT('',(94.9,8.75,1.6));
#2187 = VECTOR('',#2188,1.);
#2188 = DIRECTION('',(-0.,1.,0.));
#2189 = ORIENTED_EDGE('',*,*,#2190,.F.);
#2190 = EDGE_CURVE('',#2191,#2183,#2193,.T.);
#2191 = VERTEX_POINT('',#2192);
#2192 = CARTESIAN_POINT('',(95.9,19.5,1.6));
#2193 = LINE('',#2194,#2195);
#2194 = CARTESIAN_POINT('',(91.45,19.5,1.6));
#2195 = VECTOR('',#2196,1.);
#2196 = DIRECTION('',(-1.,-0.,0.));
#2197 = ORIENTED_EDGE('',*,*,#2198,.F.);
#2198 = EDGE_CURVE('',#2173,#2191,#2199,.T.);
#2199 = LINE('',#2200,#2201);
#2200 = CARTESIAN_POINT('',(95.9,8.75,1.6));
#2201 = VECTOR('',#2202,1.);
#2202 = DIRECTION('',(-0.,1.,0.));
#2203 = FACE_BOUND('',#2204,.T.);
#2204 = EDGE_LOOP('',(#2205,#2215,#2223,#2231));
#2205 = ORIENTED_EDGE('',*,*,#2206,.T.);
#2206 = EDGE_CURVE('',#2207,#2209,#2211,.T.);
#2207 = VERTEX_POINT('',#2208);
#2208 = CARTESIAN_POINT('',(97.7,17.5,1.6));
#2209 = VERTEX_POINT('',#2210);
#2210 = CARTESIAN_POINT('',(96.7,17.5,1.6));
#2211 = LINE('',#2212,#2213);
#2212 = CARTESIAN_POINT('',(92.35,17.5,1.6));
#2213 = VECTOR('',#2214,1.);
#2214 = DIRECTION('',(-1.,-0.,0.));
#2215 = ORIENTED_EDGE('',*,*,#2216,.T.);
#2216 = EDGE_CURVE('',#2209,#2217,#2219,.T.);
#2217 = VERTEX_POINT('',#2218);
#2218 = CARTESIAN_POINT('',(96.7,19.5,1.6));
#2219 = LINE('',#2220,#2221);
#2220 = CARTESIAN_POINT('',(96.7,8.75,1.6));
#2221 = VECTOR('',#2222,1.);
#2222 = DIRECTION('',(-0.,1.,0.));
#2223 = ORIENTED_EDGE('',*,*,#2224,.F.);
#2224 = EDGE_CURVE('',#2225,#2217,#2227,.T.);
#2225 = VERTEX_POINT('',#2226);
#2226 = CARTESIAN_POINT('',(97.7,19.5,1.6));
#2227 = LINE('',#2228,#2229);
#2228 = CARTESIAN_POINT('',(92.35,19.5,1.6));
#2229 = VECTOR('',#2230,1.);
#2230 = DIRECTION('',(-1.,-0.,0.));
#2231 = ORIENTED_EDGE('',*,*,#2232,.F.);
#2232 = EDGE_CURVE('',#2207,#2225,#2233,.T.);
#2233 = LINE('',#2234,#2235);
#2234 = CARTESIAN_POINT('',(97.7,8.75,1.6));
#2235 = VECTOR('',#2236,1.);
#2236 = DIRECTION('',(-0.,1.,0.));
#2237 = PLANE('',#2238);
#2238 = AXIS2_PLACEMENT_3D('',#2239,#2240,#2241);
#2239 = CARTESIAN_POINT('',(88.,0.,1.6));
#2240 = DIRECTION('',(0.,0.,1.));
#2241 = DIRECTION('',(1.,0.,-0.));
#2242 = ADVANCED_FACE('',(#2243),#2261,.T.);
#2243 = FACE_BOUND('',#2244,.T.);
#2244 = EDGE_LOOP('',(#2245,#2253,#2254,#2255));
#2245 = ORIENTED_EDGE('',*,*,#2246,.F.);
#2246 = EDGE_CURVE('',#1992,#2247,#2249,.T.);
#2247 = VERTEX_POINT('',#2248);
#2248 = CARTESIAN_POINT('',(108.,20.,0.));
#2249 = LINE('',#2250,#2251);
#2250 = CARTESIAN_POINT('',(88.,20.,0.));
#2251 = VECTOR('',#2252,1.);
#2252 = DIRECTION('',(1.,0.,-0.));
#2253 = ORIENTED_EDGE('',*,*,#1999,.T.);
#2254 = ORIENTED_EDGE('',*,*,#2062,.T.);
#2255 = ORIENTED_EDGE('',*,*,#2256,.F.);
#2256 = EDGE_CURVE('',#2247,#2055,#2257,.T.);
#2257 = LINE('',#2258,#2259);
#2258 = CARTESIAN_POINT('',(108.,20.,0.));
#2259 = VECTOR('',#2260,1.);
#2260 = DIRECTION('',(0.,0.,1.));
#2261 = PLANE('',#2262);
#2262 = AXIS2_PLACEMENT_3D('',#2263,#2264,#2265);
#2263 = CARTESIAN_POINT('',(88.,20.,0.));
#2264 = DIRECTION('',(-0.,1.,0.));
#2265 = DIRECTION('',(0.,0.,1.));
#2266 = ADVANCED_FACE('',(#2267,#2278,#2312,#2346,#2380,#2414),#2448,.F.
  );
#2267 = FACE_BOUND('',#2268,.F.);
#2268 = EDGE_LOOP('',(#2269,#2270,#2271,#2277));
#2269 = ORIENTED_EDGE('',*,*,#1991,.F.);
#2270 = ORIENTED_EDGE('',*,*,#2021,.T.);
#2271 = ORIENTED_EDGE('',*,*,#2272,.T.);
#2272 = EDGE_CURVE('',#2022,#2247,#2273,.T.);
#2273 = LINE('',#2274,#2275);
#2274 = CARTESIAN_POINT('',(108.,0.,0.));
#2275 = VECTOR('',#2276,1.);
#2276 = DIRECTION('',(-0.,1.,0.));
#2277 = ORIENTED_EDGE('',*,*,#2246,.F.);
#2278 = FACE_BOUND('',#2279,.F.);
#2279 = EDGE_LOOP('',(#2280,#2290,#2298,#2306));
#2280 = ORIENTED_EDGE('',*,*,#2281,.T.);
#2281 = EDGE_CURVE('',#2282,#2284,#2286,.T.);
#2282 = VERTEX_POINT('',#2283);
#2283 = CARTESIAN_POINT('',(90.5,17.5,0.));
#2284 = VERTEX_POINT('',#2285);
#2285 = CARTESIAN_POINT('',(89.5,17.5,0.));
#2286 = LINE('',#2287,#2288);
#2287 = CARTESIAN_POINT('',(88.75,17.5,0.));
#2288 = VECTOR('',#2289,1.);
#2289 = DIRECTION('',(-1.,-0.,0.));
#2290 = ORIENTED_EDGE('',*,*,#2291,.T.);
#2291 = EDGE_CURVE('',#2284,#2292,#2294,.T.);
#2292 = VERTEX_POINT('',#2293);
#2293 = CARTESIAN_POINT('',(89.5,19.5,0.));
#2294 = LINE('',#2295,#2296);
#2295 = CARTESIAN_POINT('',(89.5,8.75,0.));
#2296 = VECTOR('',#2297,1.);
#2297 = DIRECTION('',(-0.,1.,0.));
#2298 = ORIENTED_EDGE('',*,*,#2299,.F.);
#2299 = EDGE_CURVE('',#2300,#2292,#2302,.T.);
#2300 = VERTEX_POINT('',#2301);
#2301 = CARTESIAN_POINT('',(90.5,19.5,0.));
#2302 = LINE('',#2303,#2304);
#2303 = CARTESIAN_POINT('',(88.75,19.5,0.));
#2304 = VECTOR('',#2305,1.);
#2305 = DIRECTION('',(-1.,-0.,0.));
#2306 = ORIENTED_EDGE('',*,*,#2307,.F.);
#2307 = EDGE_CURVE('',#2282,#2300,#2308,.T.);
#2308 = LINE('',#2309,#2310);
#2309 = CARTESIAN_POINT('',(90.5,8.75,0.));
#2310 = VECTOR('',#2311,1.);
#2311 = DIRECTION('',(-0.,1.,0.));
#2312 = FACE_BOUND('',#2313,.F.);
#2313 = EDGE_LOOP('',(#2314,#2324,#2332,#2340));
#2314 = ORIENTED_EDGE('',*,*,#2315,.T.);
#2315 = EDGE_CURVE('',#2316,#2318,#2320,.T.);
#2316 = VERTEX_POINT('',#2317);
#2317 = CARTESIAN_POINT('',(92.3,17.5,0.));
#2318 = VERTEX_POINT('',#2319);
#2319 = CARTESIAN_POINT('',(91.3,17.5,0.));
#2320 = LINE('',#2321,#2322);
#2321 = CARTESIAN_POINT('',(89.65,17.5,0.));
#2322 = VECTOR('',#2323,1.);
#2323 = DIRECTION('',(-1.,-0.,0.));
#2324 = ORIENTED_EDGE('',*,*,#2325,.T.);
#2325 = EDGE_CURVE('',#2318,#2326,#2328,.T.);
#2326 = VERTEX_POINT('',#2327);
#2327 = CARTESIAN_POINT('',(91.3,19.5,0.));
#2328 = LINE('',#2329,#2330);
#2329 = CARTESIAN_POINT('',(91.3,8.75,0.));
#2330 = VECTOR('',#2331,1.);
#2331 = DIRECTION('',(-0.,1.,0.));
#2332 = ORIENTED_EDGE('',*,*,#2333,.F.);
#2333 = EDGE_CURVE('',#2334,#2326,#2336,.T.);
#2334 = VERTEX_POINT('',#2335);
#2335 = CARTESIAN_POINT('',(92.3,19.5,0.));
#2336 = LINE('',#2337,#2338);
#2337 = CARTESIAN_POINT('',(89.65,19.5,0.));
#2338 = VECTOR('',#2339,1.);
#2339 = DIRECTION('',(-1.,-0.,0.));
#2340 = ORIENTED_EDGE('',*,*,#2341,.F.);
#2341 = EDGE_CURVE('',#2316,#2334,#2342,.T.);
#2342 = LINE('',#2343,#2344);
#2343 = CARTESIAN_POINT('',(92.3,8.75,0.));
#2344 = VECTOR('',#2345,1.);
#2345 = DIRECTION('',(-0.,1.,0.));
#2346 = FACE_BOUND('',#2347,.F.);
#2347 = EDGE_LOOP('',(#2348,#2358,#2366,#2374));
#2348 = ORIENTED_EDGE('',*,*,#2349,.T.);
#2349 = EDGE_CURVE('',#2350,#2352,#2354,.T.);
#2350 = VERTEX_POINT('',#2351);
#2351 = CARTESIAN_POINT('',(94.1,17.5,0.));
#2352 = VERTEX_POINT('',#2353);
#2353 = CARTESIAN_POINT('',(93.1,17.5,0.));
#2354 = LINE('',#2355,#2356);
#2355 = CARTESIAN_POINT('',(90.55,17.5,0.));
#2356 = VECTOR('',#2357,1.);
#2357 = DIRECTION('',(-1.,-0.,0.));
#2358 = ORIENTED_EDGE('',*,*,#2359,.T.);
#2359 = EDGE_CURVE('',#2352,#2360,#2362,.T.);
#2360 = VERTEX_POINT('',#2361);
#2361 = CARTESIAN_POINT('',(93.1,19.5,0.));
#2362 = LINE('',#2363,#2364);
#2363 = CARTESIAN_POINT('',(93.1,8.75,0.));
#2364 = VECTOR('',#2365,1.);
#2365 = DIRECTION('',(-0.,1.,0.));
#2366 = ORIENTED_EDGE('',*,*,#2367,.F.);
#2367 = EDGE_CURVE('',#2368,#2360,#2370,.T.);
#2368 = VERTEX_POINT('',#2369);
#2369 = CARTESIAN_POINT('',(94.1,19.5,0.));
#2370 = LINE('',#2371,#2372);
#2371 = CARTESIAN_POINT('',(90.55,19.5,0.));
#2372 = VECTOR('',#2373,1.);
#2373 = DIRECTION('',(-1.,-0.,0.));
#2374 = ORIENTED_EDGE('',*,*,#2375,.F.);
#2375 = EDGE_CURVE('',#2350,#2368,#2376,.T.);
#2376 = LINE('',#2377,#2378);
#2377 = CARTESIAN_POINT('',(94.1,8.75,0.));
#2378 = VECTOR('',#2379,1.);
#2379 = DIRECTION('',(-0.,1.,0.));
#2380 = FACE_BOUND('',#2381,.F.);
#2381 = EDGE_LOOP('',(#2382,#2392,#2400,#2408));
#2382 = ORIENTED_EDGE('',*,*,#2383,.T.);
#2383 = EDGE_CURVE('',#2384,#2386,#2388,.T.);
#2384 = VERTEX_POINT('',#2385);
#2385 = CARTESIAN_POINT('',(95.9,17.5,0.));
#2386 = VERTEX_POINT('',#2387);
#2387 = CARTESIAN_POINT('',(94.9,17.5,0.));
#2388 = LINE('',#2389,#2390);
#2389 = CARTESIAN_POINT('',(91.45,17.5,0.));
#2390 = VECTOR('',#2391,1.);
#2391 = DIRECTION('',(-1.,-0.,0.));
#2392 = ORIENTED_EDGE('',*,*,#2393,.T.);
#2393 = EDGE_CURVE('',#2386,#2394,#2396,.T.);
#2394 = VERTEX_POINT('',#2395);
#2395 = CARTESIAN_POINT('',(94.9,19.5,0.));
#2396 = LINE('',#2397,#2398);
#2397 = CARTESIAN_POINT('',(94.9,8.75,0.));
#2398 = VECTOR('',#2399,1.);
#2399 = DIRECTION('',(-0.,1.,0.));
#2400 = ORIENTED_EDGE('',*,*,#2401,.F.);
#2401 = EDGE_CURVE('',#2402,#2394,#2404,.T.);
#2402 = VERTEX_POINT('',#2403);
#2403 = CARTESIAN_POINT('',(95.9,19.5,0.));
#2404 = LINE('',#2405,#2406);
#2405 = CARTESIAN_POINT('',(91.45,19.5,0.));
#2406 = VECTOR('',#2407,1.);
#2407 = DIRECTION('',(-1.,-0.,0.));
#2408 = ORIENTED_EDGE('',*,*,#2409,.F.);
#2409 = EDGE_CURVE('',#2384,#2402,#2410,.T.);
#2410 = LINE('',#2411,#2412);
#2411 = CARTESIAN_POINT('',(95.9,8.75,0.));
#2412 = VECTOR('',#2413,1.);
#2413 = DIRECTION('',(-0.,1.,0.));
#2414 = FACE_BOUND('',#2415,.F.);
#2415 = EDGE_LOOP('',(#2416,#2426,#2434,#2442));
#2416 = ORIENTED_EDGE('',*,*,#2417,.T.);
#2417 = EDGE_CURVE('',#2418,#2420,#2422,.T.);
#2418 = VERTEX_POINT('',#2419);
#2419 = CARTESIAN_POINT('',(97.7,17.5,0.));
#2420 = VERTEX_POINT('',#2421);
#2421 = CARTESIAN_POINT('',(96.7,17.5,0.));
#2422 = LINE('',#2423,#2424);
#2423 = CARTESIAN_POINT('',(92.35,17.5,0.));
#2424 = VECTOR('',#2425,1.);
#2425 = DIRECTION('',(-1.,-0.,0.));
#2426 = ORIENTED_EDGE('',*,*,#2427,.T.);
#2427 = EDGE_CURVE('',#2420,#2428,#2430,.T.);
#2428 = VERTEX_POINT('',#2429);
#2429 = CARTESIAN_POINT('',(96.7,19.5,0.));
#2430 = LINE('',#2431,#2432);
#2431 = CARTESIAN_POINT('',(96.7,8.75,0.));
#2432 = VECTOR('',#2433,1.);
#2433 = DIRECTION('',(-0.,1.,0.));
#2434 = ORIENTED_EDGE('',*,*,#2435,.F.);
#2435 = EDGE_CURVE('',#2436,#2428,#2438,.T.);
#2436 = VERTEX_POINT('',#2437);
#2437 = CARTESIAN_POINT('',(97.7,19.5,0.));
#2438 = LINE('',#2439,#2440);
#2439 = CARTESIAN_POINT('',(92.35,19.5,0.));
#2440 = VECTOR('',#2441,1.);
#2441 = DIRECTION('',(-1.,-0.,0.));
#2442 = ORIENTED_EDGE('',*,*,#2443,.F.);
#2443 = EDGE_CURVE('',#2418,#2436,#2444,.T.);
#2444 = LINE('',#2445,#2446);
#2445 = CARTESIAN_POINT('',(97.7,8.75,0.));
#2446 = VECTOR('',#2447,1.);
#2447 = DIRECTION('',(-0.,1.,0.));
#2448 = PLANE('',#2449);
#2449 = AXIS2_PLACEMENT_3D('',#2450,#2451,#2452);
#2450 = CARTESIAN_POINT('',(88.,0.,0.));
#2451 = DIRECTION('',(0.,0.,1.));
#2452 = DIRECTION('',(1.,0.,-0.));
#2453 = ADVANCED_FACE('',(#2454),#2460,.T.);
#2454 = FACE_BOUND('',#2455,.T.);
#2455 = EDGE_LOOP('',(#2456,#2457,#2458,#2459));
#2456 = ORIENTED_EDGE('',*,*,#2038,.F.);
#2457 = ORIENTED_EDGE('',*,*,#2272,.T.);
#2458 = ORIENTED_EDGE('',*,*,#2256,.T.);
#2459 = ORIENTED_EDGE('',*,*,#2054,.F.);
#2460 = PLANE('',#2461);
#2461 = AXIS2_PLACEMENT_3D('',#2462,#2463,#2464);
#2462 = CARTESIAN_POINT('',(108.,0.,0.));
#2463 = DIRECTION('',(1.,0.,-0.));
#2464 = DIRECTION('',(0.,0.,1.));
#2465 = ADVANCED_FACE('',(#2466),#2482,.T.);
#2466 = FACE_BOUND('',#2467,.T.);
#2467 = EDGE_LOOP('',(#2468,#2474,#2475,#2481));
#2468 = ORIENTED_EDGE('',*,*,#2469,.F.);
#2469 = EDGE_CURVE('',#2282,#2071,#2470,.T.);
#2470 = LINE('',#2471,#2472);
#2471 = CARTESIAN_POINT('',(90.5,17.5,-0.5));
#2472 = VECTOR('',#2473,1.);
#2473 = DIRECTION('',(0.,0.,1.));
#2474 = ORIENTED_EDGE('',*,*,#2281,.T.);
#2475 = ORIENTED_EDGE('',*,*,#2476,.T.);
#2476 = EDGE_CURVE('',#2284,#2073,#2477,.T.);
#2477 = LINE('',#2478,#2479);
#2478 = CARTESIAN_POINT('',(89.5,17.5,-0.5));
#2479 = VECTOR('',#2480,1.);
#2480 = DIRECTION('',(0.,0.,1.));
#2481 = ORIENTED_EDGE('',*,*,#2070,.F.);
#2482 = PLANE('',#2483);
#2483 = AXIS2_PLACEMENT_3D('',#2484,#2485,#2486);
#2484 = CARTESIAN_POINT('',(89.5,17.5,-0.5));
#2485 = DIRECTION('',(-0.,1.,0.));
#2486 = DIRECTION('',(0.,0.,1.));
#2487 = ADVANCED_FACE('',(#2488),#2499,.F.);
#2488 = FACE_BOUND('',#2489,.F.);
#2489 = EDGE_LOOP('',(#2490,#2491,#2492,#2498));
#2490 = ORIENTED_EDGE('',*,*,#2469,.F.);
#2491 = ORIENTED_EDGE('',*,*,#2307,.T.);
#2492 = ORIENTED_EDGE('',*,*,#2493,.T.);
#2493 = EDGE_CURVE('',#2300,#2089,#2494,.T.);
#2494 = LINE('',#2495,#2496);
#2495 = CARTESIAN_POINT('',(90.5,19.5,-0.5));
#2496 = VECTOR('',#2497,1.);
#2497 = DIRECTION('',(0.,0.,1.));
#2498 = ORIENTED_EDGE('',*,*,#2096,.F.);
#2499 = PLANE('',#2500);
#2500 = AXIS2_PLACEMENT_3D('',#2501,#2502,#2503);
#2501 = CARTESIAN_POINT('',(90.5,17.5,-0.5));
#2502 = DIRECTION('',(1.,0.,-0.));
#2503 = DIRECTION('',(0.,0.,1.));
#2504 = ADVANCED_FACE('',(#2505),#2516,.T.);
#2505 = FACE_BOUND('',#2506,.T.);
#2506 = EDGE_LOOP('',(#2507,#2508,#2509,#2515));
#2507 = ORIENTED_EDGE('',*,*,#2476,.F.);
#2508 = ORIENTED_EDGE('',*,*,#2291,.T.);
#2509 = ORIENTED_EDGE('',*,*,#2510,.T.);
#2510 = EDGE_CURVE('',#2292,#2081,#2511,.T.);
#2511 = LINE('',#2512,#2513);
#2512 = CARTESIAN_POINT('',(89.5,19.5,-0.5));
#2513 = VECTOR('',#2514,1.);
#2514 = DIRECTION('',(0.,0.,1.));
#2515 = ORIENTED_EDGE('',*,*,#2080,.F.);
#2516 = PLANE('',#2517);
#2517 = AXIS2_PLACEMENT_3D('',#2518,#2519,#2520);
#2518 = CARTESIAN_POINT('',(89.5,17.5,-0.5));
#2519 = DIRECTION('',(1.,0.,-0.));
#2520 = DIRECTION('',(0.,0.,1.));
#2521 = ADVANCED_FACE('',(#2522),#2528,.F.);
#2522 = FACE_BOUND('',#2523,.F.);
#2523 = EDGE_LOOP('',(#2524,#2525,#2526,#2527));
#2524 = ORIENTED_EDGE('',*,*,#2493,.F.);
#2525 = ORIENTED_EDGE('',*,*,#2299,.T.);
#2526 = ORIENTED_EDGE('',*,*,#2510,.T.);
#2527 = ORIENTED_EDGE('',*,*,#2088,.F.);
#2528 = PLANE('',#2529);
#2529 = AXIS2_PLACEMENT_3D('',#2530,#2531,#2532);
#2530 = CARTESIAN_POINT('',(89.5,19.5,-0.5));
#2531 = DIRECTION('',(-0.,1.,0.));
#2532 = DIRECTION('',(0.,0.,1.));
#2533 = ADVANCED_FACE('',(#2534),#2550,.T.);
#2534 = FACE_BOUND('',#2535,.T.);
#2535 = EDGE_LOOP('',(#2536,#2542,#2543,#2549));
#2536 = ORIENTED_EDGE('',*,*,#2537,.F.);
#2537 = EDGE_CURVE('',#2316,#2105,#2538,.T.);
#2538 = LINE('',#2539,#2540);
#2539 = CARTESIAN_POINT('',(92.3,17.5,-0.5));
#2540 = VECTOR('',#2541,1.);
#2541 = DIRECTION('',(0.,0.,1.));
#2542 = ORIENTED_EDGE('',*,*,#2315,.T.);
#2543 = ORIENTED_EDGE('',*,*,#2544,.T.);
#2544 = EDGE_CURVE('',#2318,#2107,#2545,.T.);
#2545 = LINE('',#2546,#2547);
#2546 = CARTESIAN_POINT('',(91.3,17.5,-0.5));
#2547 = VECTOR('',#2548,1.);
#2548 = DIRECTION('',(0.,0.,1.));
#2549 = ORIENTED_EDGE('',*,*,#2104,.F.);
#2550 = PLANE('',#2551);
#2551 = AXIS2_PLACEMENT_3D('',#2552,#2553,#2554);
#2552 = CARTESIAN_POINT('',(91.3,17.5,-0.5));
#2553 = DIRECTION('',(-0.,1.,0.));
#2554 = DIRECTION('',(0.,0.,1.));
#2555 = ADVANCED_FACE('',(#2556),#2567,.F.);
#2556 = FACE_BOUND('',#2557,.F.);
#2557 = EDGE_LOOP('',(#2558,#2559,#2560,#2566));
#2558 = ORIENTED_EDGE('',*,*,#2537,.F.);
#2559 = ORIENTED_EDGE('',*,*,#2341,.T.);
#2560 = ORIENTED_EDGE('',*,*,#2561,.T.);
#2561 = EDGE_CURVE('',#2334,#2123,#2562,.T.);
#2562 = LINE('',#2563,#2564);
#2563 = CARTESIAN_POINT('',(92.3,19.5,-0.5));
#2564 = VECTOR('',#2565,1.);
#2565 = DIRECTION('',(0.,0.,1.));
#2566 = ORIENTED_EDGE('',*,*,#2130,.F.);
#2567 = PLANE('',#2568);
#2568 = AXIS2_PLACEMENT_3D('',#2569,#2570,#2571);
#2569 = CARTESIAN_POINT('',(92.3,17.5,-0.5));
#2570 = DIRECTION('',(1.,0.,-0.));
#2571 = DIRECTION('',(0.,0.,1.));
#2572 = ADVANCED_FACE('',(#2573),#2584,.T.);
#2573 = FACE_BOUND('',#2574,.T.);
#2574 = EDGE_LOOP('',(#2575,#2576,#2577,#2583));
#2575 = ORIENTED_EDGE('',*,*,#2544,.F.);
#2576 = ORIENTED_EDGE('',*,*,#2325,.T.);
#2577 = ORIENTED_EDGE('',*,*,#2578,.T.);
#2578 = EDGE_CURVE('',#2326,#2115,#2579,.T.);
#2579 = LINE('',#2580,#2581);
#2580 = CARTESIAN_POINT('',(91.3,19.5,-0.5));
#2581 = VECTOR('',#2582,1.);
#2582 = DIRECTION('',(0.,0.,1.));
#2583 = ORIENTED_EDGE('',*,*,#2114,.F.);
#2584 = PLANE('',#2585);
#2585 = AXIS2_PLACEMENT_3D('',#2586,#2587,#2588);
#2586 = CARTESIAN_POINT('',(91.3,17.5,-0.5));
#2587 = DIRECTION('',(1.,0.,-0.));
#2588 = DIRECTION('',(0.,0.,1.));
#2589 = ADVANCED_FACE('',(#2590),#2596,.F.);
#2590 = FACE_BOUND('',#2591,.F.);
#2591 = EDGE_LOOP('',(#2592,#2593,#2594,#2595));
#2592 = ORIENTED_EDGE('',*,*,#2561,.F.);
#2593 = ORIENTED_EDGE('',*,*,#2333,.T.);
#2594 = ORIENTED_EDGE('',*,*,#2578,.T.);
#2595 = ORIENTED_EDGE('',*,*,#2122,.F.);
#2596 = PLANE('',#2597);
#2597 = AXIS2_PLACEMENT_3D('',#2598,#2599,#2600);
#2598 = CARTESIAN_POINT('',(91.3,19.5,-0.5));
#2599 = DIRECTION('',(-0.,1.,0.));
#2600 = DIRECTION('',(0.,0.,1.));
#2601 = ADVANCED_FACE('',(#2602),#2618,.T.);
#2602 = FACE_BOUND('',#2603,.T.);
#2603 = EDGE_LOOP('',(#2604,#2610,#2611,#2617));
#2604 = ORIENTED_EDGE('',*,*,#2605,.F.);
#2605 = EDGE_CURVE('',#2350,#2139,#2606,.T.);
#2606 = LINE('',#2607,#2608);
#2607 = CARTESIAN_POINT('',(94.1,17.5,-0.5));
#2608 = VECTOR('',#2609,1.);
#2609 = DIRECTION('',(0.,0.,1.));
#2610 = ORIENTED_EDGE('',*,*,#2349,.T.);
#2611 = ORIENTED_EDGE('',*,*,#2612,.T.);
#2612 = EDGE_CURVE('',#2352,#2141,#2613,.T.);
#2613 = LINE('',#2614,#2615);
#2614 = CARTESIAN_POINT('',(93.1,17.5,-0.5));
#2615 = VECTOR('',#2616,1.);
#2616 = DIRECTION('',(0.,0.,1.));
#2617 = ORIENTED_EDGE('',*,*,#2138,.F.);
#2618 = PLANE('',#2619);
#2619 = AXIS2_PLACEMENT_3D('',#2620,#2621,#2622);
#2620 = CARTESIAN_POINT('',(93.1,17.5,-0.5));
#2621 = DIRECTION('',(-0.,1.,0.));
#2622 = DIRECTION('',(0.,0.,1.));
#2623 = ADVANCED_FACE('',(#2624),#2635,.F.);
#2624 = FACE_BOUND('',#2625,.F.);
#2625 = EDGE_LOOP('',(#2626,#2627,#2628,#2634));
#2626 = ORIENTED_EDGE('',*,*,#2605,.F.);
#2627 = ORIENTED_EDGE('',*,*,#2375,.T.);
#2628 = ORIENTED_EDGE('',*,*,#2629,.T.);
#2629 = EDGE_CURVE('',#2368,#2157,#2630,.T.);
#2630 = LINE('',#2631,#2632);
#2631 = CARTESIAN_POINT('',(94.1,19.5,-0.5));
#2632 = VECTOR('',#2633,1.);
#2633 = DIRECTION('',(0.,0.,1.));
#2634 = ORIENTED_EDGE('',*,*,#2164,.F.);
#2635 = PLANE('',#2636);
#2636 = AXIS2_PLACEMENT_3D('',#2637,#2638,#2639);
#2637 = CARTESIAN_POINT('',(94.1,17.5,-0.5));
#2638 = DIRECTION('',(1.,0.,-0.));
#2639 = DIRECTION('',(0.,0.,1.));
#2640 = ADVANCED_FACE('',(#2641),#2652,.T.);
#2641 = FACE_BOUND('',#2642,.T.);
#2642 = EDGE_LOOP('',(#2643,#2644,#2645,#2651));
#2643 = ORIENTED_EDGE('',*,*,#2612,.F.);
#2644 = ORIENTED_EDGE('',*,*,#2359,.T.);
#2645 = ORIENTED_EDGE('',*,*,#2646,.T.);
#2646 = EDGE_CURVE('',#2360,#2149,#2647,.T.);
#2647 = LINE('',#2648,#2649);
#2648 = CARTESIAN_POINT('',(93.1,19.5,-0.5));
#2649 = VECTOR('',#2650,1.);
#2650 = DIRECTION('',(0.,0.,1.));
#2651 = ORIENTED_EDGE('',*,*,#2148,.F.);
#2652 = PLANE('',#2653);
#2653 = AXIS2_PLACEMENT_3D('',#2654,#2655,#2656);
#2654 = CARTESIAN_POINT('',(93.1,17.5,-0.5));
#2655 = DIRECTION('',(1.,0.,-0.));
#2656 = DIRECTION('',(0.,0.,1.));
#2657 = ADVANCED_FACE('',(#2658),#2664,.F.);
#2658 = FACE_BOUND('',#2659,.F.);
#2659 = EDGE_LOOP('',(#2660,#2661,#2662,#2663));
#2660 = ORIENTED_EDGE('',*,*,#2629,.F.);
#2661 = ORIENTED_EDGE('',*,*,#2367,.T.);
#2662 = ORIENTED_EDGE('',*,*,#2646,.T.);
#2663 = ORIENTED_EDGE('',*,*,#2156,.F.);
#2664 = PLANE('',#2665);
#2665 = AXIS2_PLACEMENT_3D('',#2666,#2667,#2668);
#2666 = CARTESIAN_POINT('',(93.1,19.5,-0.5));
#2667 = DIRECTION('',(-0.,1.,0.));
#2668 = DIRECTION('',(0.,0.,1.));
#2669 = ADVANCED_FACE('',(#2670),#2686,.T.);
#2670 = FACE_BOUND('',#2671,.T.);
#2671 = EDGE_LOOP('',(#2672,#2678,#2679,#2685));
#2672 = ORIENTED_EDGE('',*,*,#2673,.F.);
#2673 = EDGE_CURVE('',#2384,#2173,#2674,.T.);
#2674 = LINE('',#2675,#2676);
#2675 = CARTESIAN_POINT('',(95.9,17.5,-0.5));
#2676 = VECTOR('',#2677,1.);
#2677 = DIRECTION('',(0.,0.,1.));
#2678 = ORIENTED_EDGE('',*,*,#2383,.T.);
#2679 = ORIENTED_EDGE('',*,*,#2680,.T.);
#2680 = EDGE_CURVE('',#2386,#2175,#2681,.T.);
#2681 = LINE('',#2682,#2683);
#2682 = CARTESIAN_POINT('',(94.9,17.5,-0.5));
#2683 = VECTOR('',#2684,1.);
#2684 = DIRECTION('',(0.,0.,1.));
#2685 = ORIENTED_EDGE('',*,*,#2172,.F.);
#2686 = PLANE('',#2687);
#2687 = AXIS2_PLACEMENT_3D('',#2688,#2689,#2690);
#2688 = CARTESIAN_POINT('',(94.9,17.5,-0.5));
#2689 = DIRECTION('',(-0.,1.,0.));
#2690 = DIRECTION('',(0.,0.,1.));
#2691 = ADVANCED_FACE('',(#2692),#2703,.F.);
#2692 = FACE_BOUND('',#2693,.F.);
#2693 = EDGE_LOOP('',(#2694,#2695,#2696,#2702));
#2694 = ORIENTED_EDGE('',*,*,#2673,.F.);
#2695 = ORIENTED_EDGE('',*,*,#2409,.T.);
#2696 = ORIENTED_EDGE('',*,*,#2697,.T.);
#2697 = EDGE_CURVE('',#2402,#2191,#2698,.T.);
#2698 = LINE('',#2699,#2700);
#2699 = CARTESIAN_POINT('',(95.9,19.5,-0.5));
#2700 = VECTOR('',#2701,1.);
#2701 = DIRECTION('',(0.,0.,1.));
#2702 = ORIENTED_EDGE('',*,*,#2198,.F.);
#2703 = PLANE('',#2704);
#2704 = AXIS2_PLACEMENT_3D('',#2705,#2706,#2707);
#2705 = CARTESIAN_POINT('',(95.9,17.5,-0.5));
#2706 = DIRECTION('',(1.,0.,-0.));
#2707 = DIRECTION('',(0.,0.,1.));
#2708 = ADVANCED_FACE('',(#2709),#2720,.T.);
#2709 = FACE_BOUND('',#2710,.T.);
#2710 = EDGE_LOOP('',(#2711,#2712,#2713,#2719));
#2711 = ORIENTED_EDGE('',*,*,#2680,.F.);
#2712 = ORIENTED_EDGE('',*,*,#2393,.T.);
#2713 = ORIENTED_EDGE('',*,*,#2714,.T.);
#2714 = EDGE_CURVE('',#2394,#2183,#2715,.T.);
#2715 = LINE('',#2716,#2717);
#2716 = CARTESIAN_POINT('',(94.9,19.5,-0.5));
#2717 = VECTOR('',#2718,1.);
#2718 = DIRECTION('',(0.,0.,1.));
#2719 = ORIENTED_EDGE('',*,*,#2182,.F.);
#2720 = PLANE('',#2721);
#2721 = AXIS2_PLACEMENT_3D('',#2722,#2723,#2724);
#2722 = CARTESIAN_POINT('',(94.9,17.5,-0.5));
#2723 = DIRECTION('',(1.,0.,-0.));
#2724 = DIRECTION('',(0.,0.,1.));
#2725 = ADVANCED_FACE('',(#2726),#2732,.F.);
#2726 = FACE_BOUND('',#2727,.F.);
#2727 = EDGE_LOOP('',(#2728,#2729,#2730,#2731));
#2728 = ORIENTED_EDGE('',*,*,#2697,.F.);
#2729 = ORIENTED_EDGE('',*,*,#2401,.T.);
#2730 = ORIENTED_EDGE('',*,*,#2714,.T.);
#2731 = ORIENTED_EDGE('',*,*,#2190,.F.);
#2732 = PLANE('',#2733);
#2733 = AXIS2_PLACEMENT_3D('',#2734,#2735,#2736);
#2734 = CARTESIAN_POINT('',(94.9,19.5,-0.5));
#2735 = DIRECTION('',(-0.,1.,0.));
#2736 = DIRECTION('',(0.,0.,1.));
#2737 = ADVANCED_FACE('',(#2738),#2754,.T.);
#2738 = FACE_BOUND('',#2739,.T.);
#2739 = EDGE_LOOP('',(#2740,#2746,#2747,#2753));
#2740 = ORIENTED_EDGE('',*,*,#2741,.F.);
#2741 = EDGE_CURVE('',#2418,#2207,#2742,.T.);
#2742 = LINE('',#2743,#2744);
#2743 = CARTESIAN_POINT('',(97.7,17.5,-0.5));
#2744 = VECTOR('',#2745,1.);
#2745 = DIRECTION('',(0.,0.,1.));
#2746 = ORIENTED_EDGE('',*,*,#2417,.T.);
#2747 = ORIENTED_EDGE('',*,*,#2748,.T.);
#2748 = EDGE_CURVE('',#2420,#2209,#2749,.T.);
#2749 = LINE('',#2750,#2751);
#2750 = CARTESIAN_POINT('',(96.7,17.5,-0.5));
#2751 = VECTOR('',#2752,1.);
#2752 = DIRECTION('',(0.,0.,1.));
#2753 = ORIENTED_EDGE('',*,*,#2206,.F.);
#2754 = PLANE('',#2755);
#2755 = AXIS2_PLACEMENT_3D('',#2756,#2757,#2758);
#2756 = CARTESIAN_POINT('',(96.7,17.5,-0.5));
#2757 = DIRECTION('',(-0.,1.,0.));
#2758 = DIRECTION('',(0.,0.,1.));
#2759 = ADVANCED_FACE('',(#2760),#2771,.F.);
#2760 = FACE_BOUND('',#2761,.F.);
#2761 = EDGE_LOOP('',(#2762,#2763,#2764,#2770));
#2762 = ORIENTED_EDGE('',*,*,#2741,.F.);
#2763 = ORIENTED_EDGE('',*,*,#2443,.T.);
#2764 = ORIENTED_EDGE('',*,*,#2765,.T.);
#2765 = EDGE_CURVE('',#2436,#2225,#2766,.T.);
#2766 = LINE('',#2767,#2768);
#2767 = CARTESIAN_POINT('',(97.7,19.5,-0.5));
#2768 = VECTOR('',#2769,1.);
#2769 = DIRECTION('',(0.,0.,1.));
#2770 = ORIENTED_EDGE('',*,*,#2232,.F.);
#2771 = PLANE('',#2772);
#2772 = AXIS2_PLACEMENT_3D('',#2773,#2774,#2775);
#2773 = CARTESIAN_POINT('',(97.7,17.5,-0.5));
#2774 = DIRECTION('',(1.,0.,-0.));
#2775 = DIRECTION('',(0.,0.,1.));
#2776 = ADVANCED_FACE('',(#2777),#2788,.F.);
#2777 = FACE_BOUND('',#2778,.F.);
#2778 = EDGE_LOOP('',(#2779,#2780,#2781,#2787));
#2779 = ORIENTED_EDGE('',*,*,#2765,.F.);
#2780 = ORIENTED_EDGE('',*,*,#2435,.T.);
#2781 = ORIENTED_EDGE('',*,*,#2782,.T.);
#2782 = EDGE_CURVE('',#2428,#2217,#2783,.T.);
#2783 = LINE('',#2784,#2785);
#2784 = CARTESIAN_POINT('',(96.7,19.5,-0.5));
#2785 = VECTOR('',#2786,1.);
#2786 = DIRECTION('',(0.,0.,1.));
#2787 = ORIENTED_EDGE('',*,*,#2224,.F.);
#2788 = PLANE('',#2789);
#2789 = AXIS2_PLACEMENT_3D('',#2790,#2791,#2792);
#2790 = CARTESIAN_POINT('',(96.7,19.5,-0.5));
#2791 = DIRECTION('',(-0.,1.,0.));
#2792 = DIRECTION('',(0.,0.,1.));
#2793 = ADVANCED_FACE('',(#2794),#2800,.T.);
#2794 = FACE_BOUND('',#2795,.T.);
#2795 = EDGE_LOOP('',(#2796,#2797,#2798,#2799));
#2796 = ORIENTED_EDGE('',*,*,#2748,.F.);
#2797 = ORIENTED_EDGE('',*,*,#2427,.T.);
#2798 = ORIENTED_EDGE('',*,*,#2782,.T.);
#2799 = ORIENTED_EDGE('',*,*,#2216,.F.);
#2800 = PLANE('',#2801);
#2801 = AXIS2_PLACEMENT_3D('',#2802,#2803,#2804);
#2802 = CARTESIAN_POINT('',(96.7,17.5,-0.5));
#2803 = DIRECTION('',(1.,0.,-0.));
#2804 = DIRECTION('',(0.,0.,1.));
#2805 = MANIFOLD_SOLID_BREP('',#2806);
#2806 = CLOSED_SHELL('',(#2807,#2847,#2878,#3106,#3130,#3351,#3363,#3385
    ,#3402,#3419,#3431,#3453,#3470,#3487,#3499,#3521,#3538,#3555,#3567,
    #3589,#3606,#3623,#3635,#3657,#3674,#3691,#3703,#3725,#3742,#3759));
#2807 = ADVANCED_FACE('',(#2808),#2842,.F.);
#2808 = FACE_BOUND('',#2809,.F.);
#2809 = EDGE_LOOP('',(#2810,#2820,#2828,#2836));
#2810 = ORIENTED_EDGE('',*,*,#2811,.F.);
#2811 = EDGE_CURVE('',#2812,#2814,#2816,.T.);
#2812 = VERTEX_POINT('',#2813);
#2813 = CARTESIAN_POINT('',(110.,0.,0.));
#2814 = VERTEX_POINT('',#2815);
#2815 = CARTESIAN_POINT('',(110.,0.,1.7));
#2816 = LINE('',#2817,#2818);
#2817 = CARTESIAN_POINT('',(110.,0.,0.));
#2818 = VECTOR('',#2819,1.);
#2819 = DIRECTION('',(0.,0.,1.));
#2820 = ORIENTED_EDGE('',*,*,#2821,.T.);
#2821 = EDGE_CURVE('',#2812,#2822,#2824,.T.);
#2822 = VERTEX_POINT('',#2823);
#2823 = CARTESIAN_POINT('',(110.,20.,0.));
#2824 = LINE('',#2825,#2826);
#2825 = CARTESIAN_POINT('',(110.,0.,0.));
#2826 = VECTOR('',#2827,1.);
#2827 = DIRECTION('',(-0.,1.,0.));
#2828 = ORIENTED_EDGE('',*,*,#2829,.T.);
#2829 = EDGE_CURVE('',#2822,#2830,#2832,.T.);
#2830 = VERTEX_POINT('',#2831);
#2831 = CARTESIAN_POINT('',(110.,20.,1.7));
#2832 = LINE('',#2833,#2834);
#2833 = CARTESIAN_POINT('',(110.,20.,0.));
#2834 = VECTOR('',#2835,1.);
#2835 = DIRECTION('',(0.,0.,1.));
#2836 = ORIENTED_EDGE('',*,*,#2837,.F.);
#2837 = EDGE_CURVE('',#2814,#2830,#2838,.T.);
#2838 = LINE('',#2839,#2840);
#2839 = CARTESIAN_POINT('',(110.,0.,1.7));
#2840 = VECTOR('',#2841,1.);
#2841 = DIRECTION('',(-0.,1.,0.));
#2842 = PLANE('',#2843);
#2843 = AXIS2_PLACEMENT_3D('',#2844,#2845,#2846);
#2844 = CARTESIAN_POINT('',(110.,0.,0.));
#2845 = DIRECTION('',(1.,0.,-0.));
#2846 = DIRECTION('',(0.,0.,1.));
#2847 = ADVANCED_FACE('',(#2848),#2873,.F.);
#2848 = FACE_BOUND('',#2849,.F.);
#2849 = EDGE_LOOP('',(#2850,#2858,#2859,#2867));
#2850 = ORIENTED_EDGE('',*,*,#2851,.F.);
#2851 = EDGE_CURVE('',#2812,#2852,#2854,.T.);
#2852 = VERTEX_POINT('',#2853);
#2853 = CARTESIAN_POINT('',(130.,0.,0.));
#2854 = LINE('',#2855,#2856);
#2855 = CARTESIAN_POINT('',(110.,0.,0.));
#2856 = VECTOR('',#2857,1.);
#2857 = DIRECTION('',(1.,0.,-0.));
#2858 = ORIENTED_EDGE('',*,*,#2811,.T.);
#2859 = ORIENTED_EDGE('',*,*,#2860,.T.);
#2860 = EDGE_CURVE('',#2814,#2861,#2863,.T.);
#2861 = VERTEX_POINT('',#2862);
#2862 = CARTESIAN_POINT('',(130.,0.,1.7));
#2863 = LINE('',#2864,#2865);
#2864 = CARTESIAN_POINT('',(110.,0.,1.7));
#2865 = VECTOR('',#2866,1.);
#2866 = DIRECTION('',(1.,0.,-0.));
#2867 = ORIENTED_EDGE('',*,*,#2868,.F.);
#2868 = EDGE_CURVE('',#2852,#2861,#2869,.T.);
#2869 = LINE('',#2870,#2871);
#2870 = CARTESIAN_POINT('',(130.,0.,0.));
#2871 = VECTOR('',#2872,1.);
#2872 = DIRECTION('',(0.,0.,1.));
#2873 = PLANE('',#2874);
#2874 = AXIS2_PLACEMENT_3D('',#2875,#2876,#2877);
#2875 = CARTESIAN_POINT('',(110.,0.,0.));
#2876 = DIRECTION('',(-0.,1.,0.));
#2877 = DIRECTION('',(0.,0.,1.));
#2878 = ADVANCED_FACE('',(#2879,#2897,#2931,#2965,#2999,#3033,#3067),
  #3101,.T.);
#2879 = FACE_BOUND('',#2880,.T.);
#2880 = EDGE_LOOP('',(#2881,#2882,#2883,#2891));
#2881 = ORIENTED_EDGE('',*,*,#2837,.F.);
#2882 = ORIENTED_EDGE('',*,*,#2860,.T.);
#2883 = ORIENTED_EDGE('',*,*,#2884,.T.);
#2884 = EDGE_CURVE('',#2861,#2885,#2887,.T.);
#2885 = VERTEX_POINT('',#2886);
#2886 = CARTESIAN_POINT('',(130.,20.,1.7));
#2887 = LINE('',#2888,#2889);
#2888 = CARTESIAN_POINT('',(130.,0.,1.7));
#2889 = VECTOR('',#2890,1.);
#2890 = DIRECTION('',(-0.,1.,0.));
#2891 = ORIENTED_EDGE('',*,*,#2892,.F.);
#2892 = EDGE_CURVE('',#2830,#2885,#2893,.T.);
#2893 = LINE('',#2894,#2895);
#2894 = CARTESIAN_POINT('',(110.,20.,1.7));
#2895 = VECTOR('',#2896,1.);
#2896 = DIRECTION('',(1.,0.,-0.));
#2897 = FACE_BOUND('',#2898,.T.);
#2898 = EDGE_LOOP('',(#2899,#2909,#2917,#2925));
#2899 = ORIENTED_EDGE('',*,*,#2900,.T.);
#2900 = EDGE_CURVE('',#2901,#2903,#2905,.T.);
#2901 = VERTEX_POINT('',#2902);
#2902 = CARTESIAN_POINT('',(112.5,17.5,1.7));
#2903 = VERTEX_POINT('',#2904);
#2904 = CARTESIAN_POINT('',(111.5,17.5,1.7));
#2905 = LINE('',#2906,#2907);
#2906 = CARTESIAN_POINT('',(110.75,17.5,1.7));
#2907 = VECTOR('',#2908,1.);
#2908 = DIRECTION('',(-1.,-0.,0.));
#2909 = ORIENTED_EDGE('',*,*,#2910,.T.);
#2910 = EDGE_CURVE('',#2903,#2911,#2913,.T.);
#2911 = VERTEX_POINT('',#2912);
#2912 = CARTESIAN_POINT('',(111.5,19.5,1.7));
#2913 = LINE('',#2914,#2915);
#2914 = CARTESIAN_POINT('',(111.5,8.75,1.7));
#2915 = VECTOR('',#2916,1.);
#2916 = DIRECTION('',(-0.,1.,0.));
#2917 = ORIENTED_EDGE('',*,*,#2918,.F.);
#2918 = EDGE_CURVE('',#2919,#2911,#2921,.T.);
#2919 = VERTEX_POINT('',#2920);
#2920 = CARTESIAN_POINT('',(112.5,19.5,1.7));
#2921 = LINE('',#2922,#2923);
#2922 = CARTESIAN_POINT('',(110.75,19.5,1.7));
#2923 = VECTOR('',#2924,1.);
#2924 = DIRECTION('',(-1.,-0.,0.));
#2925 = ORIENTED_EDGE('',*,*,#2926,.F.);
#2926 = EDGE_CURVE('',#2901,#2919,#2927,.T.);
#2927 = LINE('',#2928,#2929);
#2928 = CARTESIAN_POINT('',(112.5,8.75,1.7));
#2929 = VECTOR('',#2930,1.);
#2930 = DIRECTION('',(-0.,1.,0.));
#2931 = FACE_BOUND('',#2932,.T.);
#2932 = EDGE_LOOP('',(#2933,#2943,#2951,#2959));
#2933 = ORIENTED_EDGE('',*,*,#2934,.T.);
#2934 = EDGE_CURVE('',#2935,#2937,#2939,.T.);
#2935 = VERTEX_POINT('',#2936);
#2936 = CARTESIAN_POINT('',(114.3,17.5,1.7));
#2937 = VERTEX_POINT('',#2938);
#2938 = CARTESIAN_POINT('',(113.3,17.5,1.7));
#2939 = LINE('',#2940,#2941);
#2940 = CARTESIAN_POINT('',(111.65,17.5,1.7));
#2941 = VECTOR('',#2942,1.);
#2942 = DIRECTION('',(-1.,-0.,0.));
#2943 = ORIENTED_EDGE('',*,*,#2944,.T.);
#2944 = EDGE_CURVE('',#2937,#2945,#2947,.T.);
#2945 = VERTEX_POINT('',#2946);
#2946 = CARTESIAN_POINT('',(113.3,19.5,1.7));
#2947 = LINE('',#2948,#2949);
#2948 = CARTESIAN_POINT('',(113.3,8.75,1.7));
#2949 = VECTOR('',#2950,1.);
#2950 = DIRECTION('',(-0.,1.,0.));
#2951 = ORIENTED_EDGE('',*,*,#2952,.F.);
#2952 = EDGE_CURVE('',#2953,#2945,#2955,.T.);
#2953 = VERTEX_POINT('',#2954);
#2954 = CARTESIAN_POINT('',(114.3,19.5,1.7));
#2955 = LINE('',#2956,#2957);
#2956 = CARTESIAN_POINT('',(111.65,19.5,1.7));
#2957 = VECTOR('',#2958,1.);
#2958 = DIRECTION('',(-1.,-0.,0.));
#2959 = ORIENTED_EDGE('',*,*,#2960,.F.);
#2960 = EDGE_CURVE('',#2935,#2953,#2961,.T.);
#2961 = LINE('',#2962,#2963);
#2962 = CARTESIAN_POINT('',(114.3,8.75,1.7));
#2963 = VECTOR('',#2964,1.);
#2964 = DIRECTION('',(-0.,1.,0.));
#2965 = FACE_BOUND('',#2966,.T.);
#2966 = EDGE_LOOP('',(#2967,#2977,#2985,#2993));
#2967 = ORIENTED_EDGE('',*,*,#2968,.T.);
#2968 = EDGE_CURVE('',#2969,#2971,#2973,.T.);
#2969 = VERTEX_POINT('',#2970);
#2970 = CARTESIAN_POINT('',(116.1,17.5,1.7));
#2971 = VERTEX_POINT('',#2972);
#2972 = CARTESIAN_POINT('',(115.1,17.5,1.7));
#2973 = LINE('',#2974,#2975);
#2974 = CARTESIAN_POINT('',(112.55,17.5,1.7));
#2975 = VECTOR('',#2976,1.);
#2976 = DIRECTION('',(-1.,-0.,0.));
#2977 = ORIENTED_EDGE('',*,*,#2978,.T.);
#2978 = EDGE_CURVE('',#2971,#2979,#2981,.T.);
#2979 = VERTEX_POINT('',#2980);
#2980 = CARTESIAN_POINT('',(115.1,19.5,1.7));
#2981 = LINE('',#2982,#2983);
#2982 = CARTESIAN_POINT('',(115.1,8.75,1.7));
#2983 = VECTOR('',#2984,1.);
#2984 = DIRECTION('',(-0.,1.,0.));
#2985 = ORIENTED_EDGE('',*,*,#2986,.F.);
#2986 = EDGE_CURVE('',#2987,#2979,#2989,.T.);
#2987 = VERTEX_POINT('',#2988);
#2988 = CARTESIAN_POINT('',(116.1,19.5,1.7));
#2989 = LINE('',#2990,#2991);
#2990 = CARTESIAN_POINT('',(112.55,19.5,1.7));
#2991 = VECTOR('',#2992,1.);
#2992 = DIRECTION('',(-1.,-0.,0.));
#2993 = ORIENTED_EDGE('',*,*,#2994,.F.);
#2994 = EDGE_CURVE('',#2969,#2987,#2995,.T.);
#2995 = LINE('',#2996,#2997);
#2996 = CARTESIAN_POINT('',(116.1,8.75,1.7));
#2997 = VECTOR('',#2998,1.);
#2998 = DIRECTION('',(-0.,1.,0.));
#2999 = FACE_BOUND('',#3000,.T.);
#3000 = EDGE_LOOP('',(#3001,#3011,#3019,#3027));
#3001 = ORIENTED_EDGE('',*,*,#3002,.T.);
#3002 = EDGE_CURVE('',#3003,#3005,#3007,.T.);
#3003 = VERTEX_POINT('',#3004);
#3004 = CARTESIAN_POINT('',(117.9,17.5,1.7));
#3005 = VERTEX_POINT('',#3006);
#3006 = CARTESIAN_POINT('',(116.9,17.5,1.7));
#3007 = LINE('',#3008,#3009);
#3008 = CARTESIAN_POINT('',(113.45,17.5,1.7));
#3009 = VECTOR('',#3010,1.);
#3010 = DIRECTION('',(-1.,-0.,0.));
#3011 = ORIENTED_EDGE('',*,*,#3012,.T.);
#3012 = EDGE_CURVE('',#3005,#3013,#3015,.T.);
#3013 = VERTEX_POINT('',#3014);
#3014 = CARTESIAN_POINT('',(116.9,19.5,1.7));
#3015 = LINE('',#3016,#3017);
#3016 = CARTESIAN_POINT('',(116.9,8.75,1.7));
#3017 = VECTOR('',#3018,1.);
#3018 = DIRECTION('',(-0.,1.,0.));
#3019 = ORIENTED_EDGE('',*,*,#3020,.F.);
#3020 = EDGE_CURVE('',#3021,#3013,#3023,.T.);
#3021 = VERTEX_POINT('',#3022);
#3022 = CARTESIAN_POINT('',(117.9,19.5,1.7));
#3023 = LINE('',#3024,#3025);
#3024 = CARTESIAN_POINT('',(113.45,19.5,1.7));
#3025 = VECTOR('',#3026,1.);
#3026 = DIRECTION('',(-1.,-0.,0.));
#3027 = ORIENTED_EDGE('',*,*,#3028,.F.);
#3028 = EDGE_CURVE('',#3003,#3021,#3029,.T.);
#3029 = LINE('',#3030,#3031);
#3030 = CARTESIAN_POINT('',(117.9,8.75,1.7));
#3031 = VECTOR('',#3032,1.);
#3032 = DIRECTION('',(-0.,1.,0.));
#3033 = FACE_BOUND('',#3034,.T.);
#3034 = EDGE_LOOP('',(#3035,#3045,#3053,#3061));
#3035 = ORIENTED_EDGE('',*,*,#3036,.T.);
#3036 = EDGE_CURVE('',#3037,#3039,#3041,.T.);
#3037 = VERTEX_POINT('',#3038);
#3038 = CARTESIAN_POINT('',(119.7,17.5,1.7));
#3039 = VERTEX_POINT('',#3040);
#3040 = CARTESIAN_POINT('',(118.7,17.5,1.7));
#3041 = LINE('',#3042,#3043);
#3042 = CARTESIAN_POINT('',(114.35,17.5,1.7));
#3043 = VECTOR('',#3044,1.);
#3044 = DIRECTION('',(-1.,-0.,0.));
#3045 = ORIENTED_EDGE('',*,*,#3046,.T.);
#3046 = EDGE_CURVE('',#3039,#3047,#3049,.T.);
#3047 = VERTEX_POINT('',#3048);
#3048 = CARTESIAN_POINT('',(118.7,19.5,1.7));
#3049 = LINE('',#3050,#3051);
#3050 = CARTESIAN_POINT('',(118.7,8.75,1.7));
#3051 = VECTOR('',#3052,1.);
#3052 = DIRECTION('',(-0.,1.,0.));
#3053 = ORIENTED_EDGE('',*,*,#3054,.F.);
#3054 = EDGE_CURVE('',#3055,#3047,#3057,.T.);
#3055 = VERTEX_POINT('',#3056);
#3056 = CARTESIAN_POINT('',(119.7,19.5,1.7));
#3057 = LINE('',#3058,#3059);
#3058 = CARTESIAN_POINT('',(114.35,19.5,1.7));
#3059 = VECTOR('',#3060,1.);
#3060 = DIRECTION('',(-1.,-0.,0.));
#3061 = ORIENTED_EDGE('',*,*,#3062,.F.);
#3062 = EDGE_CURVE('',#3037,#3055,#3063,.T.);
#3063 = LINE('',#3064,#3065);
#3064 = CARTESIAN_POINT('',(119.7,8.75,1.7));
#3065 = VECTOR('',#3066,1.);
#3066 = DIRECTION('',(-0.,1.,0.));
#3067 = FACE_BOUND('',#3068,.T.);
#3068 = EDGE_LOOP('',(#3069,#3079,#3087,#3095));
#3069 = ORIENTED_EDGE('',*,*,#3070,.T.);
#3070 = EDGE_CURVE('',#3071,#3073,#3075,.T.);
#3071 = VERTEX_POINT('',#3072);
#3072 = CARTESIAN_POINT('',(121.5,17.5,1.7));
#3073 = VERTEX_POINT('',#3074);
#3074 = CARTESIAN_POINT('',(120.5,17.5,1.7));
#3075 = LINE('',#3076,#3077);
#3076 = CARTESIAN_POINT('',(115.25,17.5,1.7));
#3077 = VECTOR('',#3078,1.);
#3078 = DIRECTION('',(-1.,-0.,0.));
#3079 = ORIENTED_EDGE('',*,*,#3080,.T.);
#3080 = EDGE_CURVE('',#3073,#3081,#3083,.T.);
#3081 = VERTEX_POINT('',#3082);
#3082 = CARTESIAN_POINT('',(120.5,19.5,1.7));
#3083 = LINE('',#3084,#3085);
#3084 = CARTESIAN_POINT('',(120.5,8.75,1.7));
#3085 = VECTOR('',#3086,1.);
#3086 = DIRECTION('',(-0.,1.,0.));
#3087 = ORIENTED_EDGE('',*,*,#3088,.F.);
#3088 = EDGE_CURVE('',#3089,#3081,#3091,.T.);
#3089 = VERTEX_POINT('',#3090);
#3090 = CARTESIAN_POINT('',(121.5,19.5,1.7));
#3091 = LINE('',#3092,#3093);
#3092 = CARTESIAN_POINT('',(115.25,19.5,1.7));
#3093 = VECTOR('',#3094,1.);
#3094 = DIRECTION('',(-1.,-0.,0.));
#3095 = ORIENTED_EDGE('',*,*,#3096,.F.);
#3096 = EDGE_CURVE('',#3071,#3089,#3097,.T.);
#3097 = LINE('',#3098,#3099);
#3098 = CARTESIAN_POINT('',(121.5,8.75,1.7));
#3099 = VECTOR('',#3100,1.);
#3100 = DIRECTION('',(-0.,1.,0.));
#3101 = PLANE('',#3102);
#3102 = AXIS2_PLACEMENT_3D('',#3103,#3104,#3105);
#3103 = CARTESIAN_POINT('',(110.,0.,1.7));
#3104 = DIRECTION('',(0.,0.,1.));
#3105 = DIRECTION('',(1.,0.,-0.));
#3106 = ADVANCED_FACE('',(#3107),#3125,.T.);
#3107 = FACE_BOUND('',#3108,.T.);
#3108 = EDGE_LOOP('',(#3109,#3117,#3118,#3119));
#3109 = ORIENTED_EDGE('',*,*,#3110,.F.);
#3110 = EDGE_CURVE('',#2822,#3111,#3113,.T.);
#3111 = VERTEX_POINT('',#3112);
#3112 = CARTESIAN_POINT('',(130.,20.,0.));
#3113 = LINE('',#3114,#3115);
#3114 = CARTESIAN_POINT('',(110.,20.,0.));
#3115 = VECTOR('',#3116,1.);
#3116 = DIRECTION('',(1.,0.,-0.));
#3117 = ORIENTED_EDGE('',*,*,#2829,.T.);
#3118 = ORIENTED_EDGE('',*,*,#2892,.T.);
#3119 = ORIENTED_EDGE('',*,*,#3120,.F.);
#3120 = EDGE_CURVE('',#3111,#2885,#3121,.T.);
#3121 = LINE('',#3122,#3123);
#3122 = CARTESIAN_POINT('',(130.,20.,0.));
#3123 = VECTOR('',#3124,1.);
#3124 = DIRECTION('',(0.,0.,1.));
#3125 = PLANE('',#3126);
#3126 = AXIS2_PLACEMENT_3D('',#3127,#3128,#3129);
#3127 = CARTESIAN_POINT('',(110.,20.,0.));
#3128 = DIRECTION('',(-0.,1.,0.));
#3129 = DIRECTION('',(0.,0.,1.));
#3130 = ADVANCED_FACE('',(#3131,#3142,#3176,#3210,#3244,#3278,#3312),
  #3346,.F.);
#3131 = FACE_BOUND('',#3132,.F.);
#3132 = EDGE_LOOP('',(#3133,#3134,#3135,#3141));
#3133 = ORIENTED_EDGE('',*,*,#2821,.F.);
#3134 = ORIENTED_EDGE('',*,*,#2851,.T.);
#3135 = ORIENTED_EDGE('',*,*,#3136,.T.);
#3136 = EDGE_CURVE('',#2852,#3111,#3137,.T.);
#3137 = LINE('',#3138,#3139);
#3138 = CARTESIAN_POINT('',(130.,0.,0.));
#3139 = VECTOR('',#3140,1.);
#3140 = DIRECTION('',(-0.,1.,0.));
#3141 = ORIENTED_EDGE('',*,*,#3110,.F.);
#3142 = FACE_BOUND('',#3143,.F.);
#3143 = EDGE_LOOP('',(#3144,#3154,#3162,#3170));
#3144 = ORIENTED_EDGE('',*,*,#3145,.T.);
#3145 = EDGE_CURVE('',#3146,#3148,#3150,.T.);
#3146 = VERTEX_POINT('',#3147);
#3147 = CARTESIAN_POINT('',(112.5,17.5,0.));
#3148 = VERTEX_POINT('',#3149);
#3149 = CARTESIAN_POINT('',(111.5,17.5,0.));
#3150 = LINE('',#3151,#3152);
#3151 = CARTESIAN_POINT('',(110.75,17.5,0.));
#3152 = VECTOR('',#3153,1.);
#3153 = DIRECTION('',(-1.,-0.,0.));
#3154 = ORIENTED_EDGE('',*,*,#3155,.T.);
#3155 = EDGE_CURVE('',#3148,#3156,#3158,.T.);
#3156 = VERTEX_POINT('',#3157);
#3157 = CARTESIAN_POINT('',(111.5,19.5,0.));
#3158 = LINE('',#3159,#3160);
#3159 = CARTESIAN_POINT('',(111.5,8.75,0.));
#3160 = VECTOR('',#3161,1.);
#3161 = DIRECTION('',(-0.,1.,0.));
#3162 = ORIENTED_EDGE('',*,*,#3163,.F.);
#3163 = EDGE_CURVE('',#3164,#3156,#3166,.T.);
#3164 = VERTEX_POINT('',#3165);
#3165 = CARTESIAN_POINT('',(112.5,19.5,0.));
#3166 = LINE('',#3167,#3168);
#3167 = CARTESIAN_POINT('',(110.75,19.5,0.));
#3168 = VECTOR('',#3169,1.);
#3169 = DIRECTION('',(-1.,-0.,0.));
#3170 = ORIENTED_EDGE('',*,*,#3171,.F.);
#3171 = EDGE_CURVE('',#3146,#3164,#3172,.T.);
#3172 = LINE('',#3173,#3174);
#3173 = CARTESIAN_POINT('',(112.5,8.75,0.));
#3174 = VECTOR('',#3175,1.);
#3175 = DIRECTION('',(-0.,1.,0.));
#3176 = FACE_BOUND('',#3177,.F.);
#3177 = EDGE_LOOP('',(#3178,#3188,#3196,#3204));
#3178 = ORIENTED_EDGE('',*,*,#3179,.T.);
#3179 = EDGE_CURVE('',#3180,#3182,#3184,.T.);
#3180 = VERTEX_POINT('',#3181);
#3181 = CARTESIAN_POINT('',(114.3,17.5,0.));
#3182 = VERTEX_POINT('',#3183);
#3183 = CARTESIAN_POINT('',(113.3,17.5,0.));
#3184 = LINE('',#3185,#3186);
#3185 = CARTESIAN_POINT('',(111.65,17.5,0.));
#3186 = VECTOR('',#3187,1.);
#3187 = DIRECTION('',(-1.,-0.,0.));
#3188 = ORIENTED_EDGE('',*,*,#3189,.T.);
#3189 = EDGE_CURVE('',#3182,#3190,#3192,.T.);
#3190 = VERTEX_POINT('',#3191);
#3191 = CARTESIAN_POINT('',(113.3,19.5,0.));
#3192 = LINE('',#3193,#3194);
#3193 = CARTESIAN_POINT('',(113.3,8.75,0.));
#3194 = VECTOR('',#3195,1.);
#3195 = DIRECTION('',(-0.,1.,0.));
#3196 = ORIENTED_EDGE('',*,*,#3197,.F.);
#3197 = EDGE_CURVE('',#3198,#3190,#3200,.T.);
#3198 = VERTEX_POINT('',#3199);
#3199 = CARTESIAN_POINT('',(114.3,19.5,0.));
#3200 = LINE('',#3201,#3202);
#3201 = CARTESIAN_POINT('',(111.65,19.5,0.));
#3202 = VECTOR('',#3203,1.);
#3203 = DIRECTION('',(-1.,-0.,0.));
#3204 = ORIENTED_EDGE('',*,*,#3205,.F.);
#3205 = EDGE_CURVE('',#3180,#3198,#3206,.T.);
#3206 = LINE('',#3207,#3208);
#3207 = CARTESIAN_POINT('',(114.3,8.75,0.));
#3208 = VECTOR('',#3209,1.);
#3209 = DIRECTION('',(-0.,1.,0.));
#3210 = FACE_BOUND('',#3211,.F.);
#3211 = EDGE_LOOP('',(#3212,#3222,#3230,#3238));
#3212 = ORIENTED_EDGE('',*,*,#3213,.T.);
#3213 = EDGE_CURVE('',#3214,#3216,#3218,.T.);
#3214 = VERTEX_POINT('',#3215);
#3215 = CARTESIAN_POINT('',(116.1,17.5,0.));
#3216 = VERTEX_POINT('',#3217);
#3217 = CARTESIAN_POINT('',(115.1,17.5,0.));
#3218 = LINE('',#3219,#3220);
#3219 = CARTESIAN_POINT('',(112.55,17.5,0.));
#3220 = VECTOR('',#3221,1.);
#3221 = DIRECTION('',(-1.,-0.,0.));
#3222 = ORIENTED_EDGE('',*,*,#3223,.T.);
#3223 = EDGE_CURVE('',#3216,#3224,#3226,.T.);
#3224 = VERTEX_POINT('',#3225);
#3225 = CARTESIAN_POINT('',(115.1,19.5,0.));
#3226 = LINE('',#3227,#3228);
#3227 = CARTESIAN_POINT('',(115.1,8.75,0.));
#3228 = VECTOR('',#3229,1.);
#3229 = DIRECTION('',(-0.,1.,0.));
#3230 = ORIENTED_EDGE('',*,*,#3231,.F.);
#3231 = EDGE_CURVE('',#3232,#3224,#3234,.T.);
#3232 = VERTEX_POINT('',#3233);
#3233 = CARTESIAN_POINT('',(116.1,19.5,0.));
#3234 = LINE('',#3235,#3236);
#3235 = CARTESIAN_POINT('',(112.55,19.5,0.));
#3236 = VECTOR('',#3237,1.);
#3237 = DIRECTION('',(-1.,-0.,0.));
#3238 = ORIENTED_EDGE('',*,*,#3239,.F.);
#3239 = EDGE_CURVE('',#3214,#3232,#3240,.T.);
#3240 = LINE('',#3241,#3242);
#3241 = CARTESIAN_POINT('',(116.1,8.75,0.));
#3242 = VECTOR('',#3243,1.);
#3243 = DIRECTION('',(-0.,1.,0.));
#3244 = FACE_BOUND('',#3245,.F.);
#3245 = EDGE_LOOP('',(#3246,#3256,#3264,#3272));
#3246 = ORIENTED_EDGE('',*,*,#3247,.T.);
#3247 = EDGE_CURVE('',#3248,#3250,#3252,.T.);
#3248 = VERTEX_POINT('',#3249);
#3249 = CARTESIAN_POINT('',(117.9,17.5,0.));
#3250 = VERTEX_POINT('',#3251);
#3251 = CARTESIAN_POINT('',(116.9,17.5,0.));
#3252 = LINE('',#3253,#3254);
#3253 = CARTESIAN_POINT('',(113.45,17.5,0.));
#3254 = VECTOR('',#3255,1.);
#3255 = DIRECTION('',(-1.,-0.,0.));
#3256 = ORIENTED_EDGE('',*,*,#3257,.T.);
#3257 = EDGE_CURVE('',#3250,#3258,#3260,.T.);
#3258 = VERTEX_POINT('',#3259);
#3259 = CARTESIAN_POINT('',(116.9,19.5,0.));
#3260 = LINE('',#3261,#3262);
#3261 = CARTESIAN_POINT('',(116.9,8.75,0.));
#3262 = VECTOR('',#3263,1.);
#3263 = DIRECTION('',(-0.,1.,0.));
#3264 = ORIENTED_EDGE('',*,*,#3265,.F.);
#3265 = EDGE_CURVE('',#3266,#3258,#3268,.T.);
#3266 = VERTEX_POINT('',#3267);
#3267 = CARTESIAN_POINT('',(117.9,19.5,0.));
#3268 = LINE('',#3269,#3270);
#3269 = CARTESIAN_POINT('',(113.45,19.5,0.));
#3270 = VECTOR('',#3271,1.);
#3271 = DIRECTION('',(-1.,-0.,0.));
#3272 = ORIENTED_EDGE('',*,*,#3273,.F.);
#3273 = EDGE_CURVE('',#3248,#3266,#3274,.T.);
#3274 = LINE('',#3275,#3276);
#3275 = CARTESIAN_POINT('',(117.9,8.75,0.));
#3276 = VECTOR('',#3277,1.);
#3277 = DIRECTION('',(-0.,1.,0.));
#3278 = FACE_BOUND('',#3279,.F.);
#3279 = EDGE_LOOP('',(#3280,#3290,#3298,#3306));
#3280 = ORIENTED_EDGE('',*,*,#3281,.T.);
#3281 = EDGE_CURVE('',#3282,#3284,#3286,.T.);
#3282 = VERTEX_POINT('',#3283);
#3283 = CARTESIAN_POINT('',(119.7,17.5,0.));
#3284 = VERTEX_POINT('',#3285);
#3285 = CARTESIAN_POINT('',(118.7,17.5,0.));
#3286 = LINE('',#3287,#3288);
#3287 = CARTESIAN_POINT('',(114.35,17.5,0.));
#3288 = VECTOR('',#3289,1.);
#3289 = DIRECTION('',(-1.,-0.,0.));
#3290 = ORIENTED_EDGE('',*,*,#3291,.T.);
#3291 = EDGE_CURVE('',#3284,#3292,#3294,.T.);
#3292 = VERTEX_POINT('',#3293);
#3293 = CARTESIAN_POINT('',(118.7,19.5,0.));
#3294 = LINE('',#3295,#3296);
#3295 = CARTESIAN_POINT('',(118.7,8.75,0.));
#3296 = VECTOR('',#3297,1.);
#3297 = DIRECTION('',(-0.,1.,0.));
#3298 = ORIENTED_EDGE('',*,*,#3299,.F.);
#3299 = EDGE_CURVE('',#3300,#3292,#3302,.T.);
#3300 = VERTEX_POINT('',#3301);
#3301 = CARTESIAN_POINT('',(119.7,19.5,0.));
#3302 = LINE('',#3303,#3304);
#3303 = CARTESIAN_POINT('',(114.35,19.5,0.));
#3304 = VECTOR('',#3305,1.);
#3305 = DIRECTION('',(-1.,-0.,0.));
#3306 = ORIENTED_EDGE('',*,*,#3307,.F.);
#3307 = EDGE_CURVE('',#3282,#3300,#3308,.T.);
#3308 = LINE('',#3309,#3310);
#3309 = CARTESIAN_POINT('',(119.7,8.75,0.));
#3310 = VECTOR('',#3311,1.);
#3311 = DIRECTION('',(-0.,1.,0.));
#3312 = FACE_BOUND('',#3313,.F.);
#3313 = EDGE_LOOP('',(#3314,#3324,#3332,#3340));
#3314 = ORIENTED_EDGE('',*,*,#3315,.T.);
#3315 = EDGE_CURVE('',#3316,#3318,#3320,.T.);
#3316 = VERTEX_POINT('',#3317);
#3317 = CARTESIAN_POINT('',(121.5,17.5,0.));
#3318 = VERTEX_POINT('',#3319);
#3319 = CARTESIAN_POINT('',(120.5,17.5,0.));
#3320 = LINE('',#3321,#3322);
#3321 = CARTESIAN_POINT('',(115.25,17.5,0.));
#3322 = VECTOR('',#3323,1.);
#3323 = DIRECTION('',(-1.,-0.,0.));
#3324 = ORIENTED_EDGE('',*,*,#3325,.T.);
#3325 = EDGE_CURVE('',#3318,#3326,#3328,.T.);
#3326 = VERTEX_POINT('',#3327);
#3327 = CARTESIAN_POINT('',(120.5,19.5,0.));
#3328 = LINE('',#3329,#3330);
#3329 = CARTESIAN_POINT('',(120.5,8.75,0.));
#3330 = VECTOR('',#3331,1.);
#3331 = DIRECTION('',(-0.,1.,0.));
#3332 = ORIENTED_EDGE('',*,*,#3333,.F.);
#3333 = EDGE_CURVE('',#3334,#3326,#3336,.T.);
#3334 = VERTEX_POINT('',#3335);
#3335 = CARTESIAN_POINT('',(121.5,19.5,0.));
#3336 = LINE('',#3337,#3338);
#3337 = CARTESIAN_POINT('',(115.25,19.5,0.));
#3338 = VECTOR('',#3339,1.);
#3339 = DIRECTION('',(-1.,-0.,0.));
#3340 = ORIENTED_EDGE('',*,*,#3341,.F.);
#3341 = EDGE_CURVE('',#3316,#3334,#3342,.T.);
#3342 = LINE('',#3343,#3344);
#3343 = CARTESIAN_POINT('',(121.5,8.75,0.));
#3344 = VECTOR('',#3345,1.);
#3345 = DIRECTION('',(-0.,1.,0.));
#3346 = PLANE('',#3347);
#3347 = AXIS2_PLACEMENT_3D('',#3348,#3349,#3350);
#3348 = CARTESIAN_POINT('',(110.,0.,0.));
#3349 = DIRECTION('',(0.,0.,1.));
#3350 = DIRECTION('',(1.,0.,-0.));
#3351 = ADVANCED_FACE('',(#3352),#3358,.T.);
#3352 = FACE_BOUND('',#3353,.T.);
#3353 = EDGE_LOOP('',(#3354,#3355,#3356,#3357));
#3354 = ORIENTED_EDGE('',*,*,#2868,.F.);
#3355 = ORIENTED_EDGE('',*,*,#3136,.T.);
#3356 = ORIENTED_EDGE('',*,*,#3120,.T.);
#3357 = ORIENTED_EDGE('',*,*,#2884,.F.);
#3358 = PLANE('',#3359);
#3359 = AXIS2_PLACEMENT_3D('',#3360,#3361,#3362);
#3360 = CARTESIAN_POINT('',(130.,0.,0.));
#3361 = DIRECTION('',(1.,0.,-0.));
#3362 = DIRECTION('',(0.,0.,1.));
#3363 = ADVANCED_FACE('',(#3364),#3380,.T.);
#3364 = FACE_BOUND('',#3365,.T.);
#3365 = EDGE_LOOP('',(#3366,#3372,#3373,#3379));
#3366 = ORIENTED_EDGE('',*,*,#3367,.F.);
#3367 = EDGE_CURVE('',#3146,#2901,#3368,.T.);
#3368 = LINE('',#3369,#3370);
#3369 = CARTESIAN_POINT('',(112.5,17.5,-0.5));
#3370 = VECTOR('',#3371,1.);
#3371 = DIRECTION('',(0.,0.,1.));
#3372 = ORIENTED_EDGE('',*,*,#3145,.T.);
#3373 = ORIENTED_EDGE('',*,*,#3374,.T.);
#3374 = EDGE_CURVE('',#3148,#2903,#3375,.T.);
#3375 = LINE('',#3376,#3377);
#3376 = CARTESIAN_POINT('',(111.5,17.5,-0.5));
#3377 = VECTOR('',#3378,1.);
#3378 = DIRECTION('',(0.,0.,1.));
#3379 = ORIENTED_EDGE('',*,*,#2900,.F.);
#3380 = PLANE('',#3381);
#3381 = AXIS2_PLACEMENT_3D('',#3382,#3383,#3384);
#3382 = CARTESIAN_POINT('',(111.5,17.5,-0.5));
#3383 = DIRECTION('',(-0.,1.,0.));
#3384 = DIRECTION('',(0.,0.,1.));
#3385 = ADVANCED_FACE('',(#3386),#3397,.F.);
#3386 = FACE_BOUND('',#3387,.F.);
#3387 = EDGE_LOOP('',(#3388,#3389,#3390,#3396));
#3388 = ORIENTED_EDGE('',*,*,#3367,.F.);
#3389 = ORIENTED_EDGE('',*,*,#3171,.T.);
#3390 = ORIENTED_EDGE('',*,*,#3391,.T.);
#3391 = EDGE_CURVE('',#3164,#2919,#3392,.T.);
#3392 = LINE('',#3393,#3394);
#3393 = CARTESIAN_POINT('',(112.5,19.5,-0.5));
#3394 = VECTOR('',#3395,1.);
#3395 = DIRECTION('',(0.,0.,1.));
#3396 = ORIENTED_EDGE('',*,*,#2926,.F.);
#3397 = PLANE('',#3398);
#3398 = AXIS2_PLACEMENT_3D('',#3399,#3400,#3401);
#3399 = CARTESIAN_POINT('',(112.5,17.5,-0.5));
#3400 = DIRECTION('',(1.,0.,-0.));
#3401 = DIRECTION('',(0.,0.,1.));
#3402 = ADVANCED_FACE('',(#3403),#3414,.T.);
#3403 = FACE_BOUND('',#3404,.T.);
#3404 = EDGE_LOOP('',(#3405,#3406,#3407,#3413));
#3405 = ORIENTED_EDGE('',*,*,#3374,.F.);
#3406 = ORIENTED_EDGE('',*,*,#3155,.T.);
#3407 = ORIENTED_EDGE('',*,*,#3408,.T.);
#3408 = EDGE_CURVE('',#3156,#2911,#3409,.T.);
#3409 = LINE('',#3410,#3411);
#3410 = CARTESIAN_POINT('',(111.5,19.5,-0.5));
#3411 = VECTOR('',#3412,1.);
#3412 = DIRECTION('',(0.,0.,1.));
#3413 = ORIENTED_EDGE('',*,*,#2910,.F.);
#3414 = PLANE('',#3415);
#3415 = AXIS2_PLACEMENT_3D('',#3416,#3417,#3418);
#3416 = CARTESIAN_POINT('',(111.5,17.5,-0.5));
#3417 = DIRECTION('',(1.,0.,-0.));
#3418 = DIRECTION('',(0.,0.,1.));
#3419 = ADVANCED_FACE('',(#3420),#3426,.F.);
#3420 = FACE_BOUND('',#3421,.F.);
#3421 = EDGE_LOOP('',(#3422,#3423,#3424,#3425));
#3422 = ORIENTED_EDGE('',*,*,#3391,.F.);
#3423 = ORIENTED_EDGE('',*,*,#3163,.T.);
#3424 = ORIENTED_EDGE('',*,*,#3408,.T.);
#3425 = ORIENTED_EDGE('',*,*,#2918,.F.);
#3426 = PLANE('',#3427);
#3427 = AXIS2_PLACEMENT_3D('',#3428,#3429,#3430);
#3428 = CARTESIAN_POINT('',(111.5,19.5,-0.5));
#3429 = DIRECTION('',(-0.,1.,0.));
#3430 = DIRECTION('',(0.,0.,1.));
#3431 = ADVANCED_FACE('',(#3432),#3448,.T.);
#3432 = FACE_BOUND('',#3433,.T.);
#3433 = EDGE_LOOP('',(#3434,#3440,#3441,#3447));
#3434 = ORIENTED_EDGE('',*,*,#3435,.F.);
#3435 = EDGE_CURVE('',#3180,#2935,#3436,.T.);
#3436 = LINE('',#3437,#3438);
#3437 = CARTESIAN_POINT('',(114.3,17.5,-0.5));
#3438 = VECTOR('',#3439,1.);
#3439 = DIRECTION('',(0.,0.,1.));
#3440 = ORIENTED_EDGE('',*,*,#3179,.T.);
#3441 = ORIENTED_EDGE('',*,*,#3442,.T.);
#3442 = EDGE_CURVE('',#3182,#2937,#3443,.T.);
#3443 = LINE('',#3444,#3445);
#3444 = CARTESIAN_POINT('',(113.3,17.5,-0.5));
#3445 = VECTOR('',#3446,1.);
#3446 = DIRECTION('',(0.,0.,1.));
#3447 = ORIENTED_EDGE('',*,*,#2934,.F.);
#3448 = PLANE('',#3449);
#3449 = AXIS2_PLACEMENT_3D('',#3450,#3451,#3452);
#3450 = CARTESIAN_POINT('',(113.3,17.5,-0.5));
#3451 = DIRECTION('',(-0.,1.,0.));
#3452 = DIRECTION('',(0.,0.,1.));
#3453 = ADVANCED_FACE('',(#3454),#3465,.F.);
#3454 = FACE_BOUND('',#3455,.F.);
#3455 = EDGE_LOOP('',(#3456,#3457,#3458,#3464));
#3456 = ORIENTED_EDGE('',*,*,#3435,.F.);
#3457 = ORIENTED_EDGE('',*,*,#3205,.T.);
#3458 = ORIENTED_EDGE('',*,*,#3459,.T.);
#3459 = EDGE_CURVE('',#3198,#2953,#3460,.T.);
#3460 = LINE('',#3461,#3462);
#3461 = CARTESIAN_POINT('',(114.3,19.5,-0.5));
#3462 = VECTOR('',#3463,1.);
#3463 = DIRECTION('',(0.,0.,1.));
#3464 = ORIENTED_EDGE('',*,*,#2960,.F.);
#3465 = PLANE('',#3466);
#3466 = AXIS2_PLACEMENT_3D('',#3467,#3468,#3469);
#3467 = CARTESIAN_POINT('',(114.3,17.5,-0.5));
#3468 = DIRECTION('',(1.,0.,-0.));
#3469 = DIRECTION('',(0.,0.,1.));
#3470 = ADVANCED_FACE('',(#3471),#3482,.T.);
#3471 = FACE_BOUND('',#3472,.T.);
#3472 = EDGE_LOOP('',(#3473,#3474,#3475,#3481));
#3473 = ORIENTED_EDGE('',*,*,#3442,.F.);
#3474 = ORIENTED_EDGE('',*,*,#3189,.T.);
#3475 = ORIENTED_EDGE('',*,*,#3476,.T.);
#3476 = EDGE_CURVE('',#3190,#2945,#3477,.T.);
#3477 = LINE('',#3478,#3479);
#3478 = CARTESIAN_POINT('',(113.3,19.5,-0.5));
#3479 = VECTOR('',#3480,1.);
#3480 = DIRECTION('',(0.,0.,1.));
#3481 = ORIENTED_EDGE('',*,*,#2944,.F.);
#3482 = PLANE('',#3483);
#3483 = AXIS2_PLACEMENT_3D('',#3484,#3485,#3486);
#3484 = CARTESIAN_POINT('',(113.3,17.5,-0.5));
#3485 = DIRECTION('',(1.,0.,-0.));
#3486 = DIRECTION('',(0.,0.,1.));
#3487 = ADVANCED_FACE('',(#3488),#3494,.F.);
#3488 = FACE_BOUND('',#3489,.F.);
#3489 = EDGE_LOOP('',(#3490,#3491,#3492,#3493));
#3490 = ORIENTED_EDGE('',*,*,#3459,.F.);
#3491 = ORIENTED_EDGE('',*,*,#3197,.T.);
#3492 = ORIENTED_EDGE('',*,*,#3476,.T.);
#3493 = ORIENTED_EDGE('',*,*,#2952,.F.);
#3494 = PLANE('',#3495);
#3495 = AXIS2_PLACEMENT_3D('',#3496,#3497,#3498);
#3496 = CARTESIAN_POINT('',(113.3,19.5,-0.5));
#3497 = DIRECTION('',(-0.,1.,0.));
#3498 = DIRECTION('',(0.,0.,1.));
#3499 = ADVANCED_FACE('',(#3500),#3516,.T.);
#3500 = FACE_BOUND('',#3501,.T.);
#3501 = EDGE_LOOP('',(#3502,#3508,#3509,#3515));
#3502 = ORIENTED_EDGE('',*,*,#3503,.F.);
#3503 = EDGE_CURVE('',#3214,#2969,#3504,.T.);
#3504 = LINE('',#3505,#3506);
#3505 = CARTESIAN_POINT('',(116.1,17.5,-0.5));
#3506 = VECTOR('',#3507,1.);
#3507 = DIRECTION('',(0.,0.,1.));
#3508 = ORIENTED_EDGE('',*,*,#3213,.T.);
#3509 = ORIENTED_EDGE('',*,*,#3510,.T.);
#3510 = EDGE_CURVE('',#3216,#2971,#3511,.T.);
#3511 = LINE('',#3512,#3513);
#3512 = CARTESIAN_POINT('',(115.1,17.5,-0.5));
#3513 = VECTOR('',#3514,1.);
#3514 = DIRECTION('',(0.,0.,1.));
#3515 = ORIENTED_EDGE('',*,*,#2968,.F.);
#3516 = PLANE('',#3517);
#3517 = AXIS2_PLACEMENT_3D('',#3518,#3519,#3520);
#3518 = CARTESIAN_POINT('',(115.1,17.5,-0.5));
#3519 = DIRECTION('',(-0.,1.,0.));
#3520 = DIRECTION('',(0.,0.,1.));
#3521 = ADVANCED_FACE('',(#3522),#3533,.F.);
#3522 = FACE_BOUND('',#3523,.F.);
#3523 = EDGE_LOOP('',(#3524,#3525,#3526,#3532));
#3524 = ORIENTED_EDGE('',*,*,#3503,.F.);
#3525 = ORIENTED_EDGE('',*,*,#3239,.T.);
#3526 = ORIENTED_EDGE('',*,*,#3527,.T.);
#3527 = EDGE_CURVE('',#3232,#2987,#3528,.T.);
#3528 = LINE('',#3529,#3530);
#3529 = CARTESIAN_POINT('',(116.1,19.5,-0.5));
#3530 = VECTOR('',#3531,1.);
#3531 = DIRECTION('',(0.,0.,1.));
#3532 = ORIENTED_EDGE('',*,*,#2994,.F.);
#3533 = PLANE('',#3534);
#3534 = AXIS2_PLACEMENT_3D('',#3535,#3536,#3537);
#3535 = CARTESIAN_POINT('',(116.1,17.5,-0.5));
#3536 = DIRECTION('',(1.,0.,-0.));
#3537 = DIRECTION('',(0.,0.,1.));
#3538 = ADVANCED_FACE('',(#3539),#3550,.T.);
#3539 = FACE_BOUND('',#3540,.T.);
#3540 = EDGE_LOOP('',(#3541,#3542,#3543,#3549));
#3541 = ORIENTED_EDGE('',*,*,#3510,.F.);
#3542 = ORIENTED_EDGE('',*,*,#3223,.T.);
#3543 = ORIENTED_EDGE('',*,*,#3544,.T.);
#3544 = EDGE_CURVE('',#3224,#2979,#3545,.T.);
#3545 = LINE('',#3546,#3547);
#3546 = CARTESIAN_POINT('',(115.1,19.5,-0.5));
#3547 = VECTOR('',#3548,1.);
#3548 = DIRECTION('',(0.,0.,1.));
#3549 = ORIENTED_EDGE('',*,*,#2978,.F.);
#3550 = PLANE('',#3551);
#3551 = AXIS2_PLACEMENT_3D('',#3552,#3553,#3554);
#3552 = CARTESIAN_POINT('',(115.1,17.5,-0.5));
#3553 = DIRECTION('',(1.,0.,-0.));
#3554 = DIRECTION('',(0.,0.,1.));
#3555 = ADVANCED_FACE('',(#3556),#3562,.F.);
#3556 = FACE_BOUND('',#3557,.F.);
#3557 = EDGE_LOOP('',(#3558,#3559,#3560,#3561));
#3558 = ORIENTED_EDGE('',*,*,#3527,.F.);
#3559 = ORIENTED_EDGE('',*,*,#3231,.T.);
#3560 = ORIENTED_EDGE('',*,*,#3544,.T.);
#3561 = ORIENTED_EDGE('',*,*,#2986,.F.);
#3562 = PLANE('',#3563);
#3563 = AXIS2_PLACEMENT_3D('',#3564,#3565,#3566);
#3564 = CARTESIAN_POINT('',(115.1,19.5,-0.5));
#3565 = DIRECTION('',(-0.,1.,0.));
#3566 = DIRECTION('',(0.,0.,1.));
#3567 = ADVANCED_FACE('',(#3568),#3584,.T.);
#3568 = FACE_BOUND('',#3569,.T.);
#3569 = EDGE_LOOP('',(#3570,#3576,#3577,#3583));
#3570 = ORIENTED_EDGE('',*,*,#3571,.F.);
#3571 = EDGE_CURVE('',#3248,#3003,#3572,.T.);
#3572 = LINE('',#3573,#3574);
#3573 = CARTESIAN_POINT('',(117.9,17.5,-0.5));
#3574 = VECTOR('',#3575,1.);
#3575 = DIRECTION('',(0.,0.,1.));
#3576 = ORIENTED_EDGE('',*,*,#3247,.T.);
#3577 = ORIENTED_EDGE('',*,*,#3578,.T.);
#3578 = EDGE_CURVE('',#3250,#3005,#3579,.T.);
#3579 = LINE('',#3580,#3581);
#3580 = CARTESIAN_POINT('',(116.9,17.5,-0.5));
#3581 = VECTOR('',#3582,1.);
#3582 = DIRECTION('',(0.,0.,1.));
#3583 = ORIENTED_EDGE('',*,*,#3002,.F.);
#3584 = PLANE('',#3585);
#3585 = AXIS2_PLACEMENT_3D('',#3586,#3587,#3588);
#3586 = CARTESIAN_POINT('',(116.9,17.5,-0.5));
#3587 = DIRECTION('',(-0.,1.,0.));
#3588 = DIRECTION('',(0.,0.,1.));
#3589 = ADVANCED_FACE('',(#3590),#3601,.F.);
#3590 = FACE_BOUND('',#3591,.F.);
#3591 = EDGE_LOOP('',(#3592,#3593,#3594,#3600));
#3592 = ORIENTED_EDGE('',*,*,#3571,.F.);
#3593 = ORIENTED_EDGE('',*,*,#3273,.T.);
#3594 = ORIENTED_EDGE('',*,*,#3595,.T.);
#3595 = EDGE_CURVE('',#3266,#3021,#3596,.T.);
#3596 = LINE('',#3597,#3598);
#3597 = CARTESIAN_POINT('',(117.9,19.5,-0.5));
#3598 = VECTOR('',#3599,1.);
#3599 = DIRECTION('',(0.,0.,1.));
#3600 = ORIENTED_EDGE('',*,*,#3028,.F.);
#3601 = PLANE('',#3602);
#3602 = AXIS2_PLACEMENT_3D('',#3603,#3604,#3605);
#3603 = CARTESIAN_POINT('',(117.9,17.5,-0.5));
#3604 = DIRECTION('',(1.,0.,-0.));
#3605 = DIRECTION('',(0.,0.,1.));
#3606 = ADVANCED_FACE('',(#3607),#3618,.T.);
#3607 = FACE_BOUND('',#3608,.T.);
#3608 = EDGE_LOOP('',(#3609,#3610,#3611,#3617));
#3609 = ORIENTED_EDGE('',*,*,#3578,.F.);
#3610 = ORIENTED_EDGE('',*,*,#3257,.T.);
#3611 = ORIENTED_EDGE('',*,*,#3612,.T.);
#3612 = EDGE_CURVE('',#3258,#3013,#3613,.T.);
#3613 = LINE('',#3614,#3615);
#3614 = CARTESIAN_POINT('',(116.9,19.5,-0.5));
#3615 = VECTOR('',#3616,1.);
#3616 = DIRECTION('',(0.,0.,1.));
#3617 = ORIENTED_EDGE('',*,*,#3012,.F.);
#3618 = PLANE('',#3619);
#3619 = AXIS2_PLACEMENT_3D('',#3620,#3621,#3622);
#3620 = CARTESIAN_POINT('',(116.9,17.5,-0.5));
#3621 = DIRECTION('',(1.,0.,-0.));
#3622 = DIRECTION('',(0.,0.,1.));
#3623 = ADVANCED_FACE('',(#3624),#3630,.F.);
#3624 = FACE_BOUND('',#3625,.F.);
#3625 = EDGE_LOOP('',(#3626,#3627,#3628,#3629));
#3626 = ORIENTED_EDGE('',*,*,#3595,.F.);
#3627 = ORIENTED_EDGE('',*,*,#3265,.T.);
#3628 = ORIENTED_EDGE('',*,*,#3612,.T.);
#3629 = ORIENTED_EDGE('',*,*,#3020,.F.);
#3630 = PLANE('',#3631);
#3631 = AXIS2_PLACEMENT_3D('',#3632,#3633,#3634);
#3632 = CARTESIAN_POINT('',(116.9,19.5,-0.5));
#3633 = DIRECTION('',(-0.,1.,0.));
#3634 = DIRECTION('',(0.,0.,1.));
#3635 = ADVANCED_FACE('',(#3636),#3652,.T.);
#3636 = FACE_BOUND('',#3637,.T.);
#3637 = EDGE_LOOP('',(#3638,#3644,#3645,#3651));
#3638 = ORIENTED_EDGE('',*,*,#3639,.F.);
#3639 = EDGE_CURVE('',#3282,#3037,#3640,.T.);
#3640 = LINE('',#3641,#3642);
#3641 = CARTESIAN_POINT('',(119.7,17.5,-0.5));
#3642 = VECTOR('',#3643,1.);
#3643 = DIRECTION('',(0.,0.,1.));
#3644 = ORIENTED_EDGE('',*,*,#3281,.T.);
#3645 = ORIENTED_EDGE('',*,*,#3646,.T.);
#3646 = EDGE_CURVE('',#3284,#3039,#3647,.T.);
#3647 = LINE('',#3648,#3649);
#3648 = CARTESIAN_POINT('',(118.7,17.5,-0.5));
#3649 = VECTOR('',#3650,1.);
#3650 = DIRECTION('',(0.,0.,1.));
#3651 = ORIENTED_EDGE('',*,*,#3036,.F.);
#3652 = PLANE('',#3653);
#3653 = AXIS2_PLACEMENT_3D('',#3654,#3655,#3656);
#3654 = CARTESIAN_POINT('',(118.7,17.5,-0.5));
#3655 = DIRECTION('',(-0.,1.,0.));
#3656 = DIRECTION('',(0.,0.,1.));
#3657 = ADVANCED_FACE('',(#3658),#3669,.F.);
#3658 = FACE_BOUND('',#3659,.F.);
#3659 = EDGE_LOOP('',(#3660,#3661,#3662,#3668));
#3660 = ORIENTED_EDGE('',*,*,#3639,.F.);
#3661 = ORIENTED_EDGE('',*,*,#3307,.T.);
#3662 = ORIENTED_EDGE('',*,*,#3663,.T.);
#3663 = EDGE_CURVE('',#3300,#3055,#3664,.T.);
#3664 = LINE('',#3665,#3666);
#3665 = CARTESIAN_POINT('',(119.7,19.5,-0.5));
#3666 = VECTOR('',#3667,1.);
#3667 = DIRECTION('',(0.,0.,1.));
#3668 = ORIENTED_EDGE('',*,*,#3062,.F.);
#3669 = PLANE('',#3670);
#3670 = AXIS2_PLACEMENT_3D('',#3671,#3672,#3673);
#3671 = CARTESIAN_POINT('',(119.7,17.5,-0.5));
#3672 = DIRECTION('',(1.,0.,-0.));
#3673 = DIRECTION('',(0.,0.,1.));
#3674 = ADVANCED_FACE('',(#3675),#3686,.T.);
#3675 = FACE_BOUND('',#3676,.T.);
#3676 = EDGE_LOOP('',(#3677,#3678,#3679,#3685));
#3677 = ORIENTED_EDGE('',*,*,#3646,.F.);
#3678 = ORIENTED_EDGE('',*,*,#3291,.T.);
#3679 = ORIENTED_EDGE('',*,*,#3680,.T.);
#3680 = EDGE_CURVE('',#3292,#3047,#3681,.T.);
#3681 = LINE('',#3682,#3683);
#3682 = CARTESIAN_POINT('',(118.7,19.5,-0.5));
#3683 = VECTOR('',#3684,1.);
#3684 = DIRECTION('',(0.,0.,1.));
#3685 = ORIENTED_EDGE('',*,*,#3046,.F.);
#3686 = PLANE('',#3687);
#3687 = AXIS2_PLACEMENT_3D('',#3688,#3689,#3690);
#3688 = CARTESIAN_POINT('',(118.7,17.5,-0.5));
#3689 = DIRECTION('',(1.,0.,-0.));
#3690 = DIRECTION('',(0.,0.,1.));
#3691 = ADVANCED_FACE('',(#3692),#3698,.F.);
#3692 = FACE_BOUND('',#3693,.F.);
#3693 = EDGE_LOOP('',(#3694,#3695,#3696,#3697));
#3694 = ORIENTED_EDGE('',*,*,#3663,.F.);
#3695 = ORIENTED_EDGE('',*,*,#3299,.T.);
#3696 = ORIENTED_EDGE('',*,*,#3680,.T.);
#3697 = ORIENTED_EDGE('',*,*,#3054,.F.);
#3698 = PLANE('',#3699);
#3699 = AXIS2_PLACEMENT_3D('',#3700,#3701,#3702);
#3700 = CARTESIAN_POINT('',(118.7,19.5,-0.5));
#3701 = DIRECTION('',(-0.,1.,0.));
#3702 = DIRECTION('',(0.,0.,1.));
#3703 = ADVANCED_FACE('',(#3704),#3720,.T.);
#3704 = FACE_BOUND('',#3705,.T.);
#3705 = EDGE_LOOP('',(#3706,#3712,#3713,#3719));
#3706 = ORIENTED_EDGE('',*,*,#3707,.F.);
#3707 = EDGE_CURVE('',#3316,#3071,#3708,.T.);
#3708 = LINE('',#3709,#3710);
#3709 = CARTESIAN_POINT('',(121.5,17.5,-0.5));
#3710 = VECTOR('',#3711,1.);
#3711 = DIRECTION('',(0.,0.,1.));
#3712 = ORIENTED_EDGE('',*,*,#3315,.T.);
#3713 = ORIENTED_EDGE('',*,*,#3714,.T.);
#3714 = EDGE_CURVE('',#3318,#3073,#3715,.T.);
#3715 = LINE('',#3716,#3717);
#3716 = CARTESIAN_POINT('',(120.5,17.5,-0.5));
#3717 = VECTOR('',#3718,1.);
#3718 = DIRECTION('',(0.,0.,1.));
#3719 = ORIENTED_EDGE('',*,*,#3070,.F.);
#3720 = PLANE('',#3721);
#3721 = AXIS2_PLACEMENT_3D('',#3722,#3723,#3724);
#3722 = CARTESIAN_POINT('',(120.5,17.5,-0.5));
#3723 = DIRECTION('',(-0.,1.,0.));
#3724 = DIRECTION('',(0.,0.,1.));
#3725 = ADVANCED_FACE('',(#3726),#3737,.F.);
#3726 = FACE_BOUND('',#3727,.F.);
#3727 = EDGE_LOOP('',(#3728,#3729,#3730,#3736));
#3728 = ORIENTED_EDGE('',*,*,#3707,.F.);
#3729 = ORIENTED_EDGE('',*,*,#3341,.T.);
#3730 = ORIENTED_EDGE('',*,*,#3731,.T.);
#3731 = EDGE_CURVE('',#3334,#3089,#3732,.T.);
#3732 = LINE('',#3733,#3734);
#3733 = CARTESIAN_POINT('',(121.5,19.5,-0.5));
#3734 = VECTOR('',#3735,1.);
#3735 = DIRECTION('',(0.,0.,1.));
#3736 = ORIENTED_EDGE('',*,*,#3096,.F.);
#3737 = PLANE('',#3738);
#3738 = AXIS2_PLACEMENT_3D('',#3739,#3740,#3741);
#3739 = CARTESIAN_POINT('',(121.5,17.5,-0.5));
#3740 = DIRECTION('',(1.,0.,-0.));
#3741 = DIRECTION('',(0.,0.,1.));
#3742 = ADVANCED_FACE('',(#3743),#3754,.F.);
#3743 = FACE_BOUND('',#3744,.F.);
#3744 = EDGE_LOOP('',(#3745,#3746,#3747,#3753));
#3745 = ORIENTED_EDGE('',*,*,#3731,.F.);
#3746 = ORIENTED_EDGE('',*,*,#3333,.T.);
#3747 = ORIENTED_EDGE('',*,*,#3748,.T.);
#3748 = EDGE_CURVE('',#3326,#3081,#3749,.T.);
#3749 = LINE('',#3750,#3751);
#3750 = CARTESIAN_POINT('',(120.5,19.5,-0.5));
#3751 = VECTOR('',#3752,1.);
#3752 = DIRECTION('',(0.,0.,1.));
#3753 = ORIENTED_EDGE('',*,*,#3088,.F.);
#3754 = PLANE('',#3755);
#3755 = AXIS2_PLACEMENT_3D('',#3756,#3757,#3758);
#3756 = CARTESIAN_POINT('',(120.5,19.5,-0.5));
#3757 = DIRECTION('',(-0.,1.,0.));
#3758 = DIRECTION('',(0.,0.,1.));
#3759 = ADVANCED_FACE('',(#3760),#3766,.T.);
#3760 = FACE_BOUND('',#3761,.T.);
#3761 = EDGE_LOOP('',(#3762,#3763,#3764,#3765));
#3762 = ORIENTED_EDGE('',*,*,#3714,.F.);
#3763 = ORIENTED_EDGE('',*,*,#3325,.T.);
#3764 = ORIENTED_EDGE('',*,*,#3748,.T.);
#3765 = ORIENTED_EDGE('',*,*,#3080,.F.);
#3766 = PLANE('',#3767);
#3767 = AXIS2_PLACEMENT_3D('',#3768,#3769,#3770);
#3768 = CARTESIAN_POINT('',(120.5,17.5,-0.5));
#3769 = DIRECTION('',(1.,0.,-0.));
#3770 = DIRECTION('',(0.,0.,1.));
#3771 = MANIFOLD_SOLID_BREP('',#3772);
#3772 = CLOSED_SHELL('',(#3773,#3813,#3844,#4106,#4130,#4385,#4397,#4419
    ,#4436,#4453,#4465,#4487,#4504,#4521,#4533,#4555,#4572,#4589,#4601,
    #4623,#4640,#4657,#4669,#4691,#4708,#4725,#4737,#4759,#4776,#4793,
    #4805,#4827,#4844,#4861));
#3773 = ADVANCED_FACE('',(#3774),#3808,.F.);
#3774 = FACE_BOUND('',#3775,.F.);
#3775 = EDGE_LOOP('',(#3776,#3786,#3794,#3802));
#3776 = ORIENTED_EDGE('',*,*,#3777,.F.);
#3777 = EDGE_CURVE('',#3778,#3780,#3782,.T.);
#3778 = VERTEX_POINT('',#3779);
#3779 = CARTESIAN_POINT('',(132.,0.,0.));
#3780 = VERTEX_POINT('',#3781);
#3781 = CARTESIAN_POINT('',(132.,0.,1.8));
#3782 = LINE('',#3783,#3784);
#3783 = CARTESIAN_POINT('',(132.,0.,0.));
#3784 = VECTOR('',#3785,1.);
#3785 = DIRECTION('',(0.,0.,1.));
#3786 = ORIENTED_EDGE('',*,*,#3787,.T.);
#3787 = EDGE_CURVE('',#3778,#3788,#3790,.T.);
#3788 = VERTEX_POINT('',#3789);
#3789 = CARTESIAN_POINT('',(132.,20.,0.));
#3790 = LINE('',#3791,#3792);
#3791 = CARTESIAN_POINT('',(132.,0.,0.));
#3792 = VECTOR('',#3793,1.);
#3793 = DIRECTION('',(-0.,1.,0.));
#3794 = ORIENTED_EDGE('',*,*,#3795,.T.);
#3795 = EDGE_CURVE('',#3788,#3796,#3798,.T.);
#3796 = VERTEX_POINT('',#3797);
#3797 = CARTESIAN_POINT('',(132.,20.,1.8));
#3798 = LINE('',#3799,#3800);
#3799 = CARTESIAN_POINT('',(132.,20.,0.));
#3800 = VECTOR('',#3801,1.);
#3801 = DIRECTION('',(0.,0.,1.));
#3802 = ORIENTED_EDGE('',*,*,#3803,.F.);
#3803 = EDGE_CURVE('',#3780,#3796,#3804,.T.);
#3804 = LINE('',#3805,#3806);
#3805 = CARTESIAN_POINT('',(132.,0.,1.8));
#3806 = VECTOR('',#3807,1.);
#3807 = DIRECTION('',(-0.,1.,0.));
#3808 = PLANE('',#3809);
#3809 = AXIS2_PLACEMENT_3D('',#3810,#3811,#3812);
#3810 = CARTESIAN_POINT('',(132.,0.,0.));
#3811 = DIRECTION('',(1.,0.,-0.));
#3812 = DIRECTION('',(0.,0.,1.));
#3813 = ADVANCED_FACE('',(#3814),#3839,.F.);
#3814 = FACE_BOUND('',#3815,.F.);
#3815 = EDGE_LOOP('',(#3816,#3824,#3825,#3833));
#3816 = ORIENTED_EDGE('',*,*,#3817,.F.);
#3817 = EDGE_CURVE('',#3778,#3818,#3820,.T.);
#3818 = VERTEX_POINT('',#3819);
#3819 = CARTESIAN_POINT('',(152.,0.,0.));
#3820 = LINE('',#3821,#3822);
#3821 = CARTESIAN_POINT('',(132.,0.,0.));
#3822 = VECTOR('',#3823,1.);
#3823 = DIRECTION('',(1.,0.,-0.));
#3824 = ORIENTED_EDGE('',*,*,#3777,.T.);
#3825 = ORIENTED_EDGE('',*,*,#3826,.T.);
#3826 = EDGE_CURVE('',#3780,#3827,#3829,.T.);
#3827 = VERTEX_POINT('',#3828);
#3828 = CARTESIAN_POINT('',(152.,0.,1.8));
#3829 = LINE('',#3830,#3831);
#3830 = CARTESIAN_POINT('',(132.,0.,1.8));
#3831 = VECTOR('',#3832,1.);
#3832 = DIRECTION('',(1.,0.,-0.));
#3833 = ORIENTED_EDGE('',*,*,#3834,.F.);
#3834 = EDGE_CURVE('',#3818,#3827,#3835,.T.);
#3835 = LINE('',#3836,#3837);
#3836 = CARTESIAN_POINT('',(152.,0.,0.));
#3837 = VECTOR('',#3838,1.);
#3838 = DIRECTION('',(0.,0.,1.));
#3839 = PLANE('',#3840);
#3840 = AXIS2_PLACEMENT_3D('',#3841,#3842,#3843);
#3841 = CARTESIAN_POINT('',(132.,0.,0.));
#3842 = DIRECTION('',(-0.,1.,0.));
#3843 = DIRECTION('',(0.,0.,1.));
#3844 = ADVANCED_FACE('',(#3845,#3863,#3897,#3931,#3965,#3999,#4033,
    #4067),#4101,.T.);
#3845 = FACE_BOUND('',#3846,.T.);
#3846 = EDGE_LOOP('',(#3847,#3848,#3849,#3857));
#3847 = ORIENTED_EDGE('',*,*,#3803,.F.);
#3848 = ORIENTED_EDGE('',*,*,#3826,.T.);
#3849 = ORIENTED_EDGE('',*,*,#3850,.T.);
#3850 = EDGE_CURVE('',#3827,#3851,#3853,.T.);
#3851 = VERTEX_POINT('',#3852);
#3852 = CARTESIAN_POINT('',(152.,20.,1.8));
#3853 = LINE('',#3854,#3855);
#3854 = CARTESIAN_POINT('',(152.,0.,1.8));
#3855 = VECTOR('',#3856,1.);
#3856 = DIRECTION('',(-0.,1.,0.));
#3857 = ORIENTED_EDGE('',*,*,#3858,.F.);
#3858 = EDGE_CURVE('',#3796,#3851,#3859,.T.);
#3859 = LINE('',#3860,#3861);
#3860 = CARTESIAN_POINT('',(132.,20.,1.8));
#3861 = VECTOR('',#3862,1.);
#3862 = DIRECTION('',(1.,0.,-0.));
#3863 = FACE_BOUND('',#3864,.T.);
#3864 = EDGE_LOOP('',(#3865,#3875,#3883,#3891));
#3865 = ORIENTED_EDGE('',*,*,#3866,.T.);
#3866 = EDGE_CURVE('',#3867,#3869,#3871,.T.);
#3867 = VERTEX_POINT('',#3868);
#3868 = CARTESIAN_POINT('',(134.5,17.5,1.8));
#3869 = VERTEX_POINT('',#3870);
#3870 = CARTESIAN_POINT('',(133.5,17.5,1.8));
#3871 = LINE('',#3872,#3873);
#3872 = CARTESIAN_POINT('',(132.75,17.5,1.8));
#3873 = VECTOR('',#3874,1.);
#3874 = DIRECTION('',(-1.,-0.,0.));
#3875 = ORIENTED_EDGE('',*,*,#3876,.T.);
#3876 = EDGE_CURVE('',#3869,#3877,#3879,.T.);
#3877 = VERTEX_POINT('',#3878);
#3878 = CARTESIAN_POINT('',(133.5,19.5,1.8));
#3879 = LINE('',#3880,#3881);
#3880 = CARTESIAN_POINT('',(133.5,8.75,1.8));
#3881 = VECTOR('',#3882,1.);
#3882 = DIRECTION('',(-0.,1.,0.));
#3883 = ORIENTED_EDGE('',*,*,#3884,.F.);
#3884 = EDGE_CURVE('',#3885,#3877,#3887,.T.);
#3885 = VERTEX_POINT('',#3886);
#3886 = CARTESIAN_POINT('',(134.5,19.5,1.8));
#3887 = LINE('',#3888,#3889);
#3888 = CARTESIAN_POINT('',(132.75,19.5,1.8));
#3889 = VECTOR('',#3890,1.);
#3890 = DIRECTION('',(-1.,-0.,0.));
#3891 = ORIENTED_EDGE('',*,*,#3892,.F.);
#3892 = EDGE_CURVE('',#3867,#3885,#3893,.T.);
#3893 = LINE('',#3894,#3895);
#3894 = CARTESIAN_POINT('',(134.5,8.75,1.8));
#3895 = VECTOR('',#3896,1.);
#3896 = DIRECTION('',(-0.,1.,0.));
#3897 = FACE_BOUND('',#3898,.T.);
#3898 = EDGE_LOOP('',(#3899,#3909,#3917,#3925));
#3899 = ORIENTED_EDGE('',*,*,#3900,.T.);
#3900 = EDGE_CURVE('',#3901,#3903,#3905,.T.);
#3901 = VERTEX_POINT('',#3902);
#3902 = CARTESIAN_POINT('',(136.3,17.5,1.8));
#3903 = VERTEX_POINT('',#3904);
#3904 = CARTESIAN_POINT('',(135.3,17.5,1.8));
#3905 = LINE('',#3906,#3907);
#3906 = CARTESIAN_POINT('',(133.65,17.5,1.8));
#3907 = VECTOR('',#3908,1.);
#3908 = DIRECTION('',(-1.,-0.,0.));
#3909 = ORIENTED_EDGE('',*,*,#3910,.T.);
#3910 = EDGE_CURVE('',#3903,#3911,#3913,.T.);
#3911 = VERTEX_POINT('',#3912);
#3912 = CARTESIAN_POINT('',(135.3,19.5,1.8));
#3913 = LINE('',#3914,#3915);
#3914 = CARTESIAN_POINT('',(135.3,8.75,1.8));
#3915 = VECTOR('',#3916,1.);
#3916 = DIRECTION('',(-0.,1.,0.));
#3917 = ORIENTED_EDGE('',*,*,#3918,.F.);
#3918 = EDGE_CURVE('',#3919,#3911,#3921,.T.);
#3919 = VERTEX_POINT('',#3920);
#3920 = CARTESIAN_POINT('',(136.3,19.5,1.8));
#3921 = LINE('',#3922,#3923);
#3922 = CARTESIAN_POINT('',(133.65,19.5,1.8));
#3923 = VECTOR('',#3924,1.);
#3924 = DIRECTION('',(-1.,-0.,0.));
#3925 = ORIENTED_EDGE('',*,*,#3926,.F.);
#3926 = EDGE_CURVE('',#3901,#3919,#3927,.T.);
#3927 = LINE('',#3928,#3929);
#3928 = CARTESIAN_POINT('',(136.3,8.75,1.8));
#3929 = VECTOR('',#3930,1.);
#3930 = DIRECTION('',(-0.,1.,0.));
#3931 = FACE_BOUND('',#3932,.T.);
#3932 = EDGE_LOOP('',(#3933,#3943,#3951,#3959));
#3933 = ORIENTED_EDGE('',*,*,#3934,.T.);
#3934 = EDGE_CURVE('',#3935,#3937,#3939,.T.);
#3935 = VERTEX_POINT('',#3936);
#3936 = CARTESIAN_POINT('',(138.1,17.5,1.8));
#3937 = VERTEX_POINT('',#3938);
#3938 = CARTESIAN_POINT('',(137.1,17.5,1.8));
#3939 = LINE('',#3940,#3941);
#3940 = CARTESIAN_POINT('',(134.55,17.5,1.8));
#3941 = VECTOR('',#3942,1.);
#3942 = DIRECTION('',(-1.,-0.,0.));
#3943 = ORIENTED_EDGE('',*,*,#3944,.T.);
#3944 = EDGE_CURVE('',#3937,#3945,#3947,.T.);
#3945 = VERTEX_POINT('',#3946);
#3946 = CARTESIAN_POINT('',(137.1,19.5,1.8));
#3947 = LINE('',#3948,#3949);
#3948 = CARTESIAN_POINT('',(137.1,8.75,1.8));
#3949 = VECTOR('',#3950,1.);
#3950 = DIRECTION('',(-0.,1.,0.));
#3951 = ORIENTED_EDGE('',*,*,#3952,.F.);
#3952 = EDGE_CURVE('',#3953,#3945,#3955,.T.);
#3953 = VERTEX_POINT('',#3954);
#3954 = CARTESIAN_POINT('',(138.1,19.5,1.8));
#3955 = LINE('',#3956,#3957);
#3956 = CARTESIAN_POINT('',(134.55,19.5,1.8));
#3957 = VECTOR('',#3958,1.);
#3958 = DIRECTION('',(-1.,-0.,0.));
#3959 = ORIENTED_EDGE('',*,*,#3960,.F.);
#3960 = EDGE_CURVE('',#3935,#3953,#3961,.T.);
#3961 = LINE('',#3962,#3963);
#3962 = CARTESIAN_POINT('',(138.1,8.75,1.8));
#3963 = VECTOR('',#3964,1.);
#3964 = DIRECTION('',(-0.,1.,0.));
#3965 = FACE_BOUND('',#3966,.T.);
#3966 = EDGE_LOOP('',(#3967,#3977,#3985,#3993));
#3967 = ORIENTED_EDGE('',*,*,#3968,.T.);
#3968 = EDGE_CURVE('',#3969,#3971,#3973,.T.);
#3969 = VERTEX_POINT('',#3970);
#3970 = CARTESIAN_POINT('',(139.9,17.5,1.8));
#3971 = VERTEX_POINT('',#3972);
#3972 = CARTESIAN_POINT('',(138.9,17.5,1.8));
#3973 = LINE('',#3974,#3975);
#3974 = CARTESIAN_POINT('',(135.45,17.5,1.8));
#3975 = VECTOR('',#3976,1.);
#3976 = DIRECTION('',(-1.,-0.,0.));
#3977 = ORIENTED_EDGE('',*,*,#3978,.T.);
#3978 = EDGE_CURVE('',#3971,#3979,#3981,.T.);
#3979 = VERTEX_POINT('',#3980);
#3980 = CARTESIAN_POINT('',(138.9,19.5,1.8));
#3981 = LINE('',#3982,#3983);
#3982 = CARTESIAN_POINT('',(138.9,8.75,1.8));
#3983 = VECTOR('',#3984,1.);
#3984 = DIRECTION('',(-0.,1.,0.));
#3985 = ORIENTED_EDGE('',*,*,#3986,.F.);
#3986 = EDGE_CURVE('',#3987,#3979,#3989,.T.);
#3987 = VERTEX_POINT('',#3988);
#3988 = CARTESIAN_POINT('',(139.9,19.5,1.8));
#3989 = LINE('',#3990,#3991);
#3990 = CARTESIAN_POINT('',(135.45,19.5,1.8));
#3991 = VECTOR('',#3992,1.);
#3992 = DIRECTION('',(-1.,-0.,0.));
#3993 = ORIENTED_EDGE('',*,*,#3994,.F.);
#3994 = EDGE_CURVE('',#3969,#3987,#3995,.T.);
#3995 = LINE('',#3996,#3997);
#3996 = CARTESIAN_POINT('',(139.9,8.75,1.8));
#3997 = VECTOR('',#3998,1.);
#3998 = DIRECTION('',(-0.,1.,0.));
#3999 = FACE_BOUND('',#4000,.T.);
#4000 = EDGE_LOOP('',(#4001,#4011,#4019,#4027));
#4001 = ORIENTED_EDGE('',*,*,#4002,.T.);
#4002 = EDGE_CURVE('',#4003,#4005,#4007,.T.);
#4003 = VERTEX_POINT('',#4004);
#4004 = CARTESIAN_POINT('',(141.7,17.5,1.8));
#4005 = VERTEX_POINT('',#4006);
#4006 = CARTESIAN_POINT('',(140.7,17.5,1.8));
#4007 = LINE('',#4008,#4009);
#4008 = CARTESIAN_POINT('',(136.35,17.5,1.8));
#4009 = VECTOR('',#4010,1.);
#4010 = DIRECTION('',(-1.,-0.,0.));
#4011 = ORIENTED_EDGE('',*,*,#4012,.T.);
#4012 = EDGE_CURVE('',#4005,#4013,#4015,.T.);
#4013 = VERTEX_POINT('',#4014);
#4014 = CARTESIAN_POINT('',(140.7,19.5,1.8));
#4015 = LINE('',#4016,#4017);
#4016 = CARTESIAN_POINT('',(140.7,8.75,1.8));
#4017 = VECTOR('',#4018,1.);
#4018 = DIRECTION('',(-0.,1.,0.));
#4019 = ORIENTED_EDGE('',*,*,#4020,.F.);
#4020 = EDGE_CURVE('',#4021,#4013,#4023,.T.);
#4021 = VERTEX_POINT('',#4022);
#4022 = CARTESIAN_POINT('',(141.7,19.5,1.8));
#4023 = LINE('',#4024,#4025);
#4024 = CARTESIAN_POINT('',(136.35,19.5,1.8));
#4025 = VECTOR('',#4026,1.);
#4026 = DIRECTION('',(-1.,-0.,0.));
#4027 = ORIENTED_EDGE('',*,*,#4028,.F.);
#4028 = EDGE_CURVE('',#4003,#4021,#4029,.T.);
#4029 = LINE('',#4030,#4031);
#4030 = CARTESIAN_POINT('',(141.7,8.75,1.8));
#4031 = VECTOR('',#4032,1.);
#4032 = DIRECTION('',(-0.,1.,0.));
#4033 = FACE_BOUND('',#4034,.T.);
#4034 = EDGE_LOOP('',(#4035,#4045,#4053,#4061));
#4035 = ORIENTED_EDGE('',*,*,#4036,.T.);
#4036 = EDGE_CURVE('',#4037,#4039,#4041,.T.);
#4037 = VERTEX_POINT('',#4038);
#4038 = CARTESIAN_POINT('',(143.5,17.5,1.8));
#4039 = VERTEX_POINT('',#4040);
#4040 = CARTESIAN_POINT('',(142.5,17.5,1.8));
#4041 = LINE('',#4042,#4043);
#4042 = CARTESIAN_POINT('',(137.25,17.5,1.8));
#4043 = VECTOR('',#4044,1.);
#4044 = DIRECTION('',(-1.,-0.,0.));
#4045 = ORIENTED_EDGE('',*,*,#4046,.T.);
#4046 = EDGE_CURVE('',#4039,#4047,#4049,.T.);
#4047 = VERTEX_POINT('',#4048);
#4048 = CARTESIAN_POINT('',(142.5,19.5,1.8));
#4049 = LINE('',#4050,#4051);
#4050 = CARTESIAN_POINT('',(142.5,8.75,1.8));
#4051 = VECTOR('',#4052,1.);
#4052 = DIRECTION('',(-0.,1.,0.));
#4053 = ORIENTED_EDGE('',*,*,#4054,.F.);
#4054 = EDGE_CURVE('',#4055,#4047,#4057,.T.);
#4055 = VERTEX_POINT('',#4056);
#4056 = CARTESIAN_POINT('',(143.5,19.5,1.8));
#4057 = LINE('',#4058,#4059);
#4058 = CARTESIAN_POINT('',(137.25,19.5,1.8));
#4059 = VECTOR('',#4060,1.);
#4060 = DIRECTION('',(-1.,-0.,0.));
#4061 = ORIENTED_EDGE('',*,*,#4062,.F.);
#4062 = EDGE_CURVE('',#4037,#4055,#4063,.T.);
#4063 = LINE('',#4064,#4065);
#4064 = CARTESIAN_POINT('',(143.5,8.75,1.8));
#4065 = VECTOR('',#4066,1.);
#4066 = DIRECTION('',(-0.,1.,0.));
#4067 = FACE_BOUND('',#4068,.T.);
#4068 = EDGE_LOOP('',(#4069,#4079,#4087,#4095));
#4069 = ORIENTED_EDGE('',*,*,#4070,.T.);
#4070 = EDGE_CURVE('',#4071,#4073,#4075,.T.);
#4071 = VERTEX_POINT('',#4072);
#4072 = CARTESIAN_POINT('',(145.3,17.5,1.8));
#4073 = VERTEX_POINT('',#4074);
#4074 = CARTESIAN_POINT('',(144.3,17.5,1.8));
#4075 = LINE('',#4076,#4077);
#4076 = CARTESIAN_POINT('',(138.15,17.5,1.8));
#4077 = VECTOR('',#4078,1.);
#4078 = DIRECTION('',(-1.,-0.,0.));
#4079 = ORIENTED_EDGE('',*,*,#4080,.T.);
#4080 = EDGE_CURVE('',#4073,#4081,#4083,.T.);
#4081 = VERTEX_POINT('',#4082);
#4082 = CARTESIAN_POINT('',(144.3,19.5,1.8));
#4083 = LINE('',#4084,#4085);
#4084 = CARTESIAN_POINT('',(144.3,8.75,1.8));
#4085 = VECTOR('',#4086,1.);
#4086 = DIRECTION('',(-0.,1.,0.));
#4087 = ORIENTED_EDGE('',*,*,#4088,.F.);
#4088 = EDGE_CURVE('',#4089,#4081,#4091,.T.);
#4089 = VERTEX_POINT('',#4090);
#4090 = CARTESIAN_POINT('',(145.3,19.5,1.8));
#4091 = LINE('',#4092,#4093);
#4092 = CARTESIAN_POINT('',(138.15,19.5,1.8));
#4093 = VECTOR('',#4094,1.);
#4094 = DIRECTION('',(-1.,-0.,0.));
#4095 = ORIENTED_EDGE('',*,*,#4096,.F.);
#4096 = EDGE_CURVE('',#4071,#4089,#4097,.T.);
#4097 = LINE('',#4098,#4099);
#4098 = CARTESIAN_POINT('',(145.3,8.75,1.8));
#4099 = VECTOR('',#4100,1.);
#4100 = DIRECTION('',(-0.,1.,0.));
#4101 = PLANE('',#4102);
#4102 = AXIS2_PLACEMENT_3D('',#4103,#4104,#4105);
#4103 = CARTESIAN_POINT('',(132.,0.,1.8));
#4104 = DIRECTION('',(0.,0.,1.));
#4105 = DIRECTION('',(1.,0.,-0.));
#4106 = ADVANCED_FACE('',(#4107),#4125,.T.);
#4107 = FACE_BOUND('',#4108,.T.);
#4108 = EDGE_LOOP('',(#4109,#4117,#4118,#4119));
#4109 = ORIENTED_EDGE('',*,*,#4110,.F.);
#4110 = EDGE_CURVE('',#3788,#4111,#4113,.T.);
#4111 = VERTEX_POINT('',#4112);
#4112 = CARTESIAN_POINT('',(152.,20.,0.));
#4113 = LINE('',#4114,#4115);
#4114 = CARTESIAN_POINT('',(132.,20.,0.));
#4115 = VECTOR('',#4116,1.);
#4116 = DIRECTION('',(1.,0.,-0.));
#4117 = ORIENTED_EDGE('',*,*,#3795,.T.);
#4118 = ORIENTED_EDGE('',*,*,#3858,.T.);
#4119 = ORIENTED_EDGE('',*,*,#4120,.F.);
#4120 = EDGE_CURVE('',#4111,#3851,#4121,.T.);
#4121 = LINE('',#4122,#4123);
#4122 = CARTESIAN_POINT('',(152.,20.,0.));
#4123 = VECTOR('',#4124,1.);
#4124 = DIRECTION('',(0.,0.,1.));
#4125 = PLANE('',#4126);
#4126 = AXIS2_PLACEMENT_3D('',#4127,#4128,#4129);
#4127 = CARTESIAN_POINT('',(132.,20.,0.));
#4128 = DIRECTION('',(-0.,1.,0.));
#4129 = DIRECTION('',(0.,0.,1.));
#4130 = ADVANCED_FACE('',(#4131,#4142,#4176,#4210,#4244,#4278,#4312,
    #4346),#4380,.F.);
#4131 = FACE_BOUND('',#4132,.F.);
#4132 = EDGE_LOOP('',(#4133,#4134,#4135,#4141));
#4133 = ORIENTED_EDGE('',*,*,#3787,.F.);
#4134 = ORIENTED_EDGE('',*,*,#3817,.T.);
#4135 = ORIENTED_EDGE('',*,*,#4136,.T.);
#4136 = EDGE_CURVE('',#3818,#4111,#4137,.T.);
#4137 = LINE('',#4138,#4139);
#4138 = CARTESIAN_POINT('',(152.,0.,0.));
#4139 = VECTOR('',#4140,1.);
#4140 = DIRECTION('',(-0.,1.,0.));
#4141 = ORIENTED_EDGE('',*,*,#4110,.F.);
#4142 = FACE_BOUND('',#4143,.F.);
#4143 = EDGE_LOOP('',(#4144,#4154,#4162,#4170));
#4144 = ORIENTED_EDGE('',*,*,#4145,.T.);
#4145 = EDGE_CURVE('',#4146,#4148,#4150,.T.);
#4146 = VERTEX_POINT('',#4147);
#4147 = CARTESIAN_POINT('',(134.5,17.5,0.));
#4148 = VERTEX_POINT('',#4149);
#4149 = CARTESIAN_POINT('',(133.5,17.5,0.));
#4150 = LINE('',#4151,#4152);
#4151 = CARTESIAN_POINT('',(132.75,17.5,0.));
#4152 = VECTOR('',#4153,1.);
#4153 = DIRECTION('',(-1.,-0.,0.));
#4154 = ORIENTED_EDGE('',*,*,#4155,.T.);
#4155 = EDGE_CURVE('',#4148,#4156,#4158,.T.);
#4156 = VERTEX_POINT('',#4157);
#4157 = CARTESIAN_POINT('',(133.5,19.5,0.));
#4158 = LINE('',#4159,#4160);
#4159 = CARTESIAN_POINT('',(133.5,8.75,0.));
#4160 = VECTOR('',#4161,1.);
#4161 = DIRECTION('',(-0.,1.,0.));
#4162 = ORIENTED_EDGE('',*,*,#4163,.F.);
#4163 = EDGE_CURVE('',#4164,#4156,#4166,.T.);
#4164 = VERTEX_POINT('',#4165);
#4165 = CARTESIAN_POINT('',(134.5,19.5,0.));
#4166 = LINE('',#4167,#4168);
#4167 = CARTESIAN_POINT('',(132.75,19.5,0.));
#4168 = VECTOR('',#4169,1.);
#4169 = DIRECTION('',(-1.,-0.,0.));
#4170 = ORIENTED_EDGE('',*,*,#4171,.F.);
#4171 = EDGE_CURVE('',#4146,#4164,#4172,.T.);
#4172 = LINE('',#4173,#4174);
#4173 = CARTESIAN_POINT('',(134.5,8.75,0.));
#4174 = VECTOR('',#4175,1.);
#4175 = DIRECTION('',(-0.,1.,0.));
#4176 = FACE_BOUND('',#4177,.F.);
#4177 = EDGE_LOOP('',(#4178,#4188,#4196,#4204));
#4178 = ORIENTED_EDGE('',*,*,#4179,.T.);
#4179 = EDGE_CURVE('',#4180,#4182,#4184,.T.);
#4180 = VERTEX_POINT('',#4181);
#4181 = CARTESIAN_POINT('',(136.3,17.5,0.));
#4182 = VERTEX_POINT('',#4183);
#4183 = CARTESIAN_POINT('',(135.3,17.5,0.));
#4184 = LINE('',#4185,#4186);
#4185 = CARTESIAN_POINT('',(133.65,17.5,0.));
#4186 = VECTOR('',#4187,1.);
#4187 = DIRECTION('',(-1.,-0.,0.));
#4188 = ORIENTED_EDGE('',*,*,#4189,.T.);
#4189 = EDGE_CURVE('',#4182,#4190,#4192,.T.);
#4190 = VERTEX_POINT('',#4191);
#4191 = CARTESIAN_POINT('',(135.3,19.5,0.));
#4192 = LINE('',#4193,#4194);
#4193 = CARTESIAN_POINT('',(135.3,8.75,0.));
#4194 = VECTOR('',#4195,1.);
#4195 = DIRECTION('',(-0.,1.,0.));
#4196 = ORIENTED_EDGE('',*,*,#4197,.F.);
#4197 = EDGE_CURVE('',#4198,#4190,#4200,.T.);
#4198 = VERTEX_POINT('',#4199);
#4199 = CARTESIAN_POINT('',(136.3,19.5,0.));
#4200 = LINE('',#4201,#4202);
#4201 = CARTESIAN_POINT('',(133.65,19.5,0.));
#4202 = VECTOR('',#4203,1.);
#4203 = DIRECTION('',(-1.,-0.,0.));
#4204 = ORIENTED_EDGE('',*,*,#4205,.F.);
#4205 = EDGE_CURVE('',#4180,#4198,#4206,.T.);
#4206 = LINE('',#4207,#4208);
#4207 = CARTESIAN_POINT('',(136.3,8.75,0.));
#4208 = VECTOR('',#4209,1.);
#4209 = DIRECTION('',(-0.,1.,0.));
#4210 = FACE_BOUND('',#4211,.F.);
#4211 = EDGE_LOOP('',(#4212,#4222,#4230,#4238));
#4212 = ORIENTED_EDGE('',*,*,#4213,.T.);
#4213 = EDGE_CURVE('',#4214,#4216,#4218,.T.);
#4214 = VERTEX_POINT('',#4215);
#4215 = CARTESIAN_POINT('',(138.1,17.5,0.));
#4216 = VERTEX_POINT('',#4217);
#4217 = CARTESIAN_POINT('',(137.1,17.5,0.));
#4218 = LINE('',#4219,#4220);
#4219 = CARTESIAN_POINT('',(134.55,17.5,0.));
#4220 = VECTOR('',#4221,1.);
#4221 = DIRECTION('',(-1.,-0.,0.));
#4222 = ORIENTED_EDGE('',*,*,#4223,.T.);
#4223 = EDGE_CURVE('',#4216,#4224,#4226,.T.);
#4224 = VERTEX_POINT('',#4225);
#4225 = CARTESIAN_POINT('',(137.1,19.5,0.));
#4226 = LINE('',#4227,#4228);
#4227 = CARTESIAN_POINT('',(137.1,8.75,0.));
#4228 = VECTOR('',#4229,1.);
#4229 = DIRECTION('',(-0.,1.,0.));
#4230 = ORIENTED_EDGE('',*,*,#4231,.F.);
#4231 = EDGE_CURVE('',#4232,#4224,#4234,.T.);
#4232 = VERTEX_POINT('',#4233);
#4233 = CARTESIAN_POINT('',(138.1,19.5,0.));
#4234 = LINE('',#4235,#4236);
#4235 = CARTESIAN_POINT('',(134.55,19.5,0.));
#4236 = VECTOR('',#4237,1.);
#4237 = DIRECTION('',(-1.,-0.,0.));
#4238 = ORIENTED_EDGE('',*,*,#4239,.F.);
#4239 = EDGE_CURVE('',#4214,#4232,#4240,.T.);
#4240 = LINE('',#4241,#4242);
#4241 = CARTESIAN_POINT('',(138.1,8.75,0.));
#4242 = VECTOR('',#4243,1.);
#4243 = DIRECTION('',(-0.,1.,0.));
#4244 = FACE_BOUND('',#4245,.F.);
#4245 = EDGE_LOOP('',(#4246,#4256,#4264,#4272));
#4246 = ORIENTED_EDGE('',*,*,#4247,.T.);
#4247 = EDGE_CURVE('',#4248,#4250,#4252,.T.);
#4248 = VERTEX_POINT('',#4249);
#4249 = CARTESIAN_POINT('',(139.9,17.5,0.));
#4250 = VERTEX_POINT('',#4251);
#4251 = CARTESIAN_POINT('',(138.9,17.5,0.));
#4252 = LINE('',#4253,#4254);
#4253 = CARTESIAN_POINT('',(135.45,17.5,0.));
#4254 = VECTOR('',#4255,1.);
#4255 = DIRECTION('',(-1.,-0.,0.));
#4256 = ORIENTED_EDGE('',*,*,#4257,.T.);
#4257 = EDGE_CURVE('',#4250,#4258,#4260,.T.);
#4258 = VERTEX_POINT('',#4259);
#4259 = CARTESIAN_POINT('',(138.9,19.5,0.));
#4260 = LINE('',#4261,#4262);
#4261 = CARTESIAN_POINT('',(138.9,8.75,0.));
#4262 = VECTOR('',#4263,1.);
#4263 = DIRECTION('',(-0.,1.,0.));
#4264 = ORIENTED_EDGE('',*,*,#4265,.F.);
#4265 = EDGE_CURVE('',#4266,#4258,#4268,.T.);
#4266 = VERTEX_POINT('',#4267);
#4267 = CARTESIAN_POINT('',(139.9,19.5,0.));
#4268 = LINE('',#4269,#4270);
#4269 = CARTESIAN_POINT('',(135.45,19.5,0.));
#4270 = VECTOR('',#4271,1.);
#4271 = DIRECTION('',(-1.,-0.,0.));
#4272 = ORIENTED_EDGE('',*,*,#4273,.F.);
#4273 = EDGE_CURVE('',#4248,#4266,#4274,.T.);
#4274 = LINE('',#4275,#4276);
#4275 = CARTESIAN_POINT('',(139.9,8.75,0.));
#4276 = VECTOR('',#4277,1.);
#4277 = DIRECTION('',(-0.,1.,0.));
#4278 = FACE_BOUND('',#4279,.F.);
#4279 = EDGE_LOOP('',(#4280,#4290,#4298,#4306));
#4280 = ORIENTED_EDGE('',*,*,#4281,.T.);
#4281 = EDGE_CURVE('',#4282,#4284,#4286,.T.);
#4282 = VERTEX_POINT('',#4283);
#4283 = CARTESIAN_POINT('',(141.7,17.5,0.));
#4284 = VERTEX_POINT('',#4285);
#4285 = CARTESIAN_POINT('',(140.7,17.5,0.));
#4286 = LINE('',#4287,#4288);
#4287 = CARTESIAN_POINT('',(136.35,17.5,0.));
#4288 = VECTOR('',#4289,1.);
#4289 = DIRECTION('',(-1.,-0.,0.));
#4290 = ORIENTED_EDGE('',*,*,#4291,.T.);
#4291 = EDGE_CURVE('',#4284,#4292,#4294,.T.);
#4292 = VERTEX_POINT('',#4293);
#4293 = CARTESIAN_POINT('',(140.7,19.5,0.));
#4294 = LINE('',#4295,#4296);
#4295 = CARTESIAN_POINT('',(140.7,8.75,0.));
#4296 = VECTOR('',#4297,1.);
#4297 = DIRECTION('',(-0.,1.,0.));
#4298 = ORIENTED_EDGE('',*,*,#4299,.F.);
#4299 = EDGE_CURVE('',#4300,#4292,#4302,.T.);
#4300 = VERTEX_POINT('',#4301);
#4301 = CARTESIAN_POINT('',(141.7,19.5,0.));
#4302 = LINE('',#4303,#4304);
#4303 = CARTESIAN_POINT('',(136.35,19.5,0.));
#4304 = VECTOR('',#4305,1.);
#4305 = DIRECTION('',(-1.,-0.,0.));
#4306 = ORIENTED_EDGE('',*,*,#4307,.F.);
#4307 = EDGE_CURVE('',#4282,#4300,#4308,.T.);
#4308 = LINE('',#4309,#4310);
#4309 = CARTESIAN_POINT('',(141.7,8.75,0.));
#4310 = VECTOR('',#4311,1.);
#4311 = DIRECTION('',(-0.,1.,0.));
#4312 = FACE_BOUND('',#4313,.F.);
#4313 = EDGE_LOOP('',(#4314,#4324,#4332,#4340));
#4314 = ORIENTED_EDGE('',*,*,#4315,.T.);
#4315 = EDGE_CURVE('',#4316,#4318,#4320,.T.);
#4316 = VERTEX_POINT('',#4317);
#4317 = CARTESIAN_POINT('',(143.5,17.5,0.));
#4318 = VERTEX_POINT('',#4319);
#4319 = CARTESIAN_POINT('',(142.5,17.5,0.));
#4320 = LINE('',#4321,#4322);
#4321 = CARTESIAN_POINT('',(137.25,17.5,0.));
#4322 = VECTOR('',#4323,1.);
#4323 = DIRECTION('',(-1.,-0.,0.));
#4324 = ORIENTED_EDGE('',*,*,#4325,.T.);
#4325 = EDGE_CURVE('',#4318,#4326,#4328,.T.);
#4326 = VERTEX_POINT('',#4327);
#4327 = CARTESIAN_POINT('',(142.5,19.5,0.));
#4328 = LINE('',#4329,#4330);
#4329 = CARTESIAN_POINT('',(142.5,8.75,0.));
#4330 = VECTOR('',#4331,1.);
#4331 = DIRECTION('',(-0.,1.,0.));
#4332 = ORIENTED_EDGE('',*,*,#4333,.F.);
#4333 = EDGE_CURVE('',#4334,#4326,#4336,.T.);
#4334 = VERTEX_POINT('',#4335);
#4335 = CARTESIAN_POINT('',(143.5,19.5,0.));
#4336 = LINE('',#4337,#4338);
#4337 = CARTESIAN_POINT('',(137.25,19.5,0.));
#4338 = VECTOR('',#4339,1.);
#4339 = DIRECTION('',(-1.,-0.,0.));
#4340 = ORIENTED_EDGE('',*,*,#4341,.F.);
#4341 = EDGE_CURVE('',#4316,#4334,#4342,.T.);
#4342 = LINE('',#4343,#4344);
#4343 = CARTESIAN_POINT('',(143.5,8.75,0.));
#4344 = VECTOR('',#4345,1.);
#4345 = DIRECTION('',(-0.,1.,0.));
#4346 = FACE_BOUND('',#4347,.F.);
#4347 = EDGE_LOOP('',(#4348,#4358,#4366,#4374));
#4348 = ORIENTED_EDGE('',*,*,#4349,.T.);
#4349 = EDGE_CURVE('',#4350,#4352,#4354,.T.);
#4350 = VERTEX_POINT('',#4351);
#4351 = CARTESIAN_POINT('',(145.3,17.5,0.));
#4352 = VERTEX_POINT('',#4353);
#4353 = CARTESIAN_POINT('',(144.3,17.5,0.));
#4354 = LINE('',#4355,#4356);
#4355 = CARTESIAN_POINT('',(138.15,17.5,0.));
#4356 = VECTOR('',#4357,1.);
#4357 = DIRECTION('',(-1.,-0.,0.));
#4358 = ORIENTED_EDGE('',*,*,#4359,.T.);
#4359 = EDGE_CURVE('',#4352,#4360,#4362,.T.);
#4360 = VERTEX_POINT('',#4361);
#4361 = CARTESIAN_POINT('',(144.3,19.5,0.));
#4362 = LINE('',#4363,#4364);
#4363 = CARTESIAN_POINT('',(144.3,8.75,0.));
#4364 = VECTOR('',#4365,1.);
#4365 = DIRECTION('',(-0.,1.,0.));
#4366 = ORIENTED_EDGE('',*,*,#4367,.F.);
#4367 = EDGE_CURVE('',#4368,#4360,#4370,.T.);
#4368 = VERTEX_POINT('',#4369);
#4369 = CARTESIAN_POINT('',(145.3,19.5,0.));
#4370 = LINE('',#4371,#4372);
#4371 = CARTESIAN_POINT('',(138.15,19.5,0.));
#4372 = VECTOR('',#4373,1.);
#4373 = DIRECTION('',(-1.,-0.,0.));
#4374 = ORIENTED_EDGE('',*,*,#4375,.F.);
#4375 = EDGE_CURVE('',#4350,#4368,#4376,.T.);
#4376 = LINE('',#4377,#4378);
#4377 = CARTESIAN_POINT('',(145.3,8.75,0.));
#4378 = VECTOR('',#4379,1.);
#4379 = DIRECTION('',(-0.,1.,0.));
#4380 = PLANE('',#4381);
#4381 = AXIS2_PLACEMENT_3D('',#4382,#4383,#4384);
#4382 = CARTESIAN_POINT('',(132.,0.,0.));
#4383 = DIRECTION('',(0.,0.,1.));
#4384 = DIRECTION('',(1.,0.,-0.));
#4385 = ADVANCED_FACE('',(#4386),#4392,.T.);
#4386 = FACE_BOUND('',#4387,.T.);
#4387 = EDGE_LOOP('',(#4388,#4389,#4390,#4391));
#4388 = ORIENTED_EDGE('',*,*,#3834,.F.);
#4389 = ORIENTED_EDGE('',*,*,#4136,.T.);
#4390 = ORIENTED_EDGE('',*,*,#4120,.T.);
#4391 = ORIENTED_EDGE('',*,*,#3850,.F.);
#4392 = PLANE('',#4393);
#4393 = AXIS2_PLACEMENT_3D('',#4394,#4395,#4396);
#4394 = CARTESIAN_POINT('',(152.,0.,0.));
#4395 = DIRECTION('',(1.,0.,-0.));
#4396 = DIRECTION('',(0.,0.,1.));
#4397 = ADVANCED_FACE('',(#4398),#4414,.T.);
#4398 = FACE_BOUND('',#4399,.T.);
#4399 = EDGE_LOOP('',(#4400,#4406,#4407,#4413));
#4400 = ORIENTED_EDGE('',*,*,#4401,.F.);
#4401 = EDGE_CURVE('',#4146,#3867,#4402,.T.);
#4402 = LINE('',#4403,#4404);
#4403 = CARTESIAN_POINT('',(134.5,17.5,-0.5));
#4404 = VECTOR('',#4405,1.);
#4405 = DIRECTION('',(0.,0.,1.));
#4406 = ORIENTED_EDGE('',*,*,#4145,.T.);
#4407 = ORIENTED_EDGE('',*,*,#4408,.T.);
#4408 = EDGE_CURVE('',#4148,#3869,#4409,.T.);
#4409 = LINE('',#4410,#4411);
#4410 = CARTESIAN_POINT('',(133.5,17.5,-0.5));
#4411 = VECTOR('',#4412,1.);
#4412 = DIRECTION('',(0.,0.,1.));
#4413 = ORIENTED_EDGE('',*,*,#3866,.F.);
#4414 = PLANE('',#4415);
#4415 = AXIS2_PLACEMENT_3D('',#4416,#4417,#4418);
#4416 = CARTESIAN_POINT('',(133.5,17.5,-0.5));
#4417 = DIRECTION('',(-0.,1.,0.));
#4418 = DIRECTION('',(0.,0.,1.));
#4419 = ADVANCED_FACE('',(#4420),#4431,.F.);
#4420 = FACE_BOUND('',#4421,.F.);
#4421 = EDGE_LOOP('',(#4422,#4423,#4424,#4430));
#4422 = ORIENTED_EDGE('',*,*,#4401,.F.);
#4423 = ORIENTED_EDGE('',*,*,#4171,.T.);
#4424 = ORIENTED_EDGE('',*,*,#4425,.T.);
#4425 = EDGE_CURVE('',#4164,#3885,#4426,.T.);
#4426 = LINE('',#4427,#4428);
#4427 = CARTESIAN_POINT('',(134.5,19.5,-0.5));
#4428 = VECTOR('',#4429,1.);
#4429 = DIRECTION('',(0.,0.,1.));
#4430 = ORIENTED_EDGE('',*,*,#3892,.F.);
#4431 = PLANE('',#4432);
#4432 = AXIS2_PLACEMENT_3D('',#4433,#4434,#4435);
#4433 = CARTESIAN_POINT('',(134.5,17.5,-0.5));
#4434 = DIRECTION('',(1.,0.,-0.));
#4435 = DIRECTION('',(0.,0.,1.));
#4436 = ADVANCED_FACE('',(#4437),#4448,.T.);
#4437 = FACE_BOUND('',#4438,.T.);
#4438 = EDGE_LOOP('',(#4439,#4440,#4441,#4447));
#4439 = ORIENTED_EDGE('',*,*,#4408,.F.);
#4440 = ORIENTED_EDGE('',*,*,#4155,.T.);
#4441 = ORIENTED_EDGE('',*,*,#4442,.T.);
#4442 = EDGE_CURVE('',#4156,#3877,#4443,.T.);
#4443 = LINE('',#4444,#4445);
#4444 = CARTESIAN_POINT('',(133.5,19.5,-0.5));
#4445 = VECTOR('',#4446,1.);
#4446 = DIRECTION('',(0.,0.,1.));
#4447 = ORIENTED_EDGE('',*,*,#3876,.F.);
#4448 = PLANE('',#4449);
#4449 = AXIS2_PLACEMENT_3D('',#4450,#4451,#4452);
#4450 = CARTESIAN_POINT('',(133.5,17.5,-0.5));
#4451 = DIRECTION('',(1.,0.,-0.));
#4452 = DIRECTION('',(0.,0.,1.));
#4453 = ADVANCED_FACE('',(#4454),#4460,.F.);
#4454 = FACE_BOUND('',#4455,.F.);
#4455 = EDGE_LOOP('',(#4456,#4457,#4458,#4459));
#4456 = ORIENTED_EDGE('',*,*,#4425,.F.);
#4457 = ORIENTED_EDGE('',*,*,#4163,.T.);
#4458 = ORIENTED_EDGE('',*,*,#4442,.T.);
#4459 = ORIENTED_EDGE('',*,*,#3884,.F.);
#4460 = PLANE('',#4461);
#4461 = AXIS2_PLACEMENT_3D('',#4462,#4463,#4464);
#4462 = CARTESIAN_POINT('',(133.5,19.5,-0.5));
#4463 = DIRECTION('',(-0.,1.,0.));
#4464 = DIRECTION('',(0.,0.,1.));
#4465 = ADVANCED_FACE('',(#4466),#4482,.T.);
#4466 = FACE_BOUND('',#4467,.T.);
#4467 = EDGE_LOOP('',(#4468,#4474,#4475,#4481));
#4468 = ORIENTED_EDGE('',*,*,#4469,.F.);
#4469 = EDGE_CURVE('',#4180,#3901,#4470,.T.);
#4470 = LINE('',#4471,#4472);
#4471 = CARTESIAN_POINT('',(136.3,17.5,-0.5));
#4472 = VECTOR('',#4473,1.);
#4473 = DIRECTION('',(0.,0.,1.));
#4474 = ORIENTED_EDGE('',*,*,#4179,.T.);
#4475 = ORIENTED_EDGE('',*,*,#4476,.T.);
#4476 = EDGE_CURVE('',#4182,#3903,#4477,.T.);
#4477 = LINE('',#4478,#4479);
#4478 = CARTESIAN_POINT('',(135.3,17.5,-0.5));
#4479 = VECTOR('',#4480,1.);
#4480 = DIRECTION('',(0.,0.,1.));
#4481 = ORIENTED_EDGE('',*,*,#3900,.F.);
#4482 = PLANE('',#4483);
#4483 = AXIS2_PLACEMENT_3D('',#4484,#4485,#4486);
#4484 = CARTESIAN_POINT('',(135.3,17.5,-0.5));
#4485 = DIRECTION('',(-0.,1.,0.));
#4486 = DIRECTION('',(0.,0.,1.));
#4487 = ADVANCED_FACE('',(#4488),#4499,.F.);
#4488 = FACE_BOUND('',#4489,.F.);
#4489 = EDGE_LOOP('',(#4490,#4491,#4492,#4498));
#4490 = ORIENTED_EDGE('',*,*,#4469,.F.);
#4491 = ORIENTED_EDGE('',*,*,#4205,.T.);
#4492 = ORIENTED_EDGE('',*,*,#4493,.T.);
#4493 = EDGE_CURVE('',#4198,#3919,#4494,.T.);
#4494 = LINE('',#4495,#4496);
#4495 = CARTESIAN_POINT('',(136.3,19.5,-0.5));
#4496 = VECTOR('',#4497,1.);
#4497 = DIRECTION('',(0.,0.,1.));
#4498 = ORIENTED_EDGE('',*,*,#3926,.F.);
#4499 = PLANE('',#4500);
#4500 = AXIS2_PLACEMENT_3D('',#4501,#4502,#4503);
#4501 = CARTESIAN_POINT('',(136.3,17.5,-0.5));
#4502 = DIRECTION('',(1.,0.,-0.));
#4503 = DIRECTION('',(0.,0.,1.));
#4504 = ADVANCED_FACE('',(#4505),#4516,.T.);
#4505 = FACE_BOUND('',#4506,.T.);
#4506 = EDGE_LOOP('',(#4507,#4508,#4509,#4515));
#4507 = ORIENTED_EDGE('',*,*,#4476,.F.);
#4508 = ORIENTED_EDGE('',*,*,#4189,.T.);
#4509 = ORIENTED_EDGE('',*,*,#4510,.T.);
#4510 = EDGE_CURVE('',#4190,#3911,#4511,.T.);
#4511 = LINE('',#4512,#4513);
#4512 = CARTESIAN_POINT('',(135.3,19.5,-0.5));
#4513 = VECTOR('',#4514,1.);
#4514 = DIRECTION('',(0.,0.,1.));
#4515 = ORIENTED_EDGE('',*,*,#3910,.F.);
#4516 = PLANE('',#4517);
#4517 = AXIS2_PLACEMENT_3D('',#4518,#4519,#4520);
#4518 = CARTESIAN_POINT('',(135.3,17.5,-0.5));
#4519 = DIRECTION('',(1.,0.,-0.));
#4520 = DIRECTION('',(0.,0.,1.));
#4521 = ADVANCED_FACE('',(#4522),#4528,.F.);
#4522 = FACE_BOUND('',#4523,.F.);
#4523 = EDGE_LOOP('',(#4524,#4525,#4526,#4527));
#4524 = ORIENTED_EDGE('',*,*,#4493,.F.);
#4525 = ORIENTED_EDGE('',*,*,#4197,.T.);
#4526 = ORIENTED_EDGE('',*,*,#4510,.T.);
#4527 = ORIENTED_EDGE('',*,*,#3918,.F.);
#4528 = PLANE('',#4529);
#4529 = AXIS2_PLACEMENT_3D('',#4530,#4531,#4532);
#4530 = CARTESIAN_POINT('',(135.3,19.5,-0.5));
#4531 = DIRECTION('',(-0.,1.,0.));
#4532 = DIRECTION('',(0.,0.,1.));
#4533 = ADVANCED_FACE('',(#4534),#4550,.T.);
#4534 = FACE_BOUND('',#4535,.T.);
#4535 = EDGE_LOOP('',(#4536,#4542,#4543,#4549));
#4536 = ORIENTED_EDGE('',*,*,#4537,.F.);
#4537 = EDGE_CURVE('',#4214,#3935,#4538,.T.);
#4538 = LINE('',#4539,#4540);
#4539 = CARTESIAN_POINT('',(138.1,17.5,-0.5));
#4540 = VECTOR('',#4541,1.);
#4541 = DIRECTION('',(0.,0.,1.));
#4542 = ORIENTED_EDGE('',*,*,#4213,.T.);
#4543 = ORIENTED_EDGE('',*,*,#4544,.T.);
#4544 = EDGE_CURVE('',#4216,#3937,#4545,.T.);
#4545 = LINE('',#4546,#4547);
#4546 = CARTESIAN_POINT('',(137.1,17.5,-0.5));
#4547 = VECTOR('',#4548,1.);
#4548 = DIRECTION('',(0.,0.,1.));
#4549 = ORIENTED_EDGE('',*,*,#3934,.F.);
#4550 = PLANE('',#4551);
#4551 = AXIS2_PLACEMENT_3D('',#4552,#4553,#4554);
#4552 = CARTESIAN_POINT('',(137.1,17.5,-0.5));
#4553 = DIRECTION('',(-0.,1.,0.));
#4554 = DIRECTION('',(0.,0.,1.));
#4555 = ADVANCED_FACE('',(#4556),#4567,.F.);
#4556 = FACE_BOUND('',#4557,.F.);
#4557 = EDGE_LOOP('',(#4558,#4559,#4560,#4566));
#4558 = ORIENTED_EDGE('',*,*,#4537,.F.);
#4559 = ORIENTED_EDGE('',*,*,#4239,.T.);
#4560 = ORIENTED_EDGE('',*,*,#4561,.T.);
#4561 = EDGE_CURVE('',#4232,#3953,#4562,.T.);
#4562 = LINE('',#4563,#4564);
#4563 = CARTESIAN_POINT('',(138.1,19.5,-0.5));
#4564 = VECTOR('',#4565,1.);
#4565 = DIRECTION('',(0.,0.,1.));
#4566 = ORIENTED_EDGE('',*,*,#3960,.F.);
#4567 = PLANE('',#4568);
#4568 = AXIS2_PLACEMENT_3D('',#4569,#4570,#4571);
#4569 = CARTESIAN_POINT('',(138.1,17.5,-0.5));
#4570 = DIRECTION('',(1.,0.,-0.));
#4571 = DIRECTION('',(0.,0.,1.));
#4572 = ADVANCED_FACE('',(#4573),#4584,.T.);
#4573 = FACE_BOUND('',#4574,.T.);
#4574 = EDGE_LOOP('',(#4575,#4576,#4577,#4583));
#4575 = ORIENTED_EDGE('',*,*,#4544,.F.);
#4576 = ORIENTED_EDGE('',*,*,#4223,.T.);
#4577 = ORIENTED_EDGE('',*,*,#4578,.T.);
#4578 = EDGE_CURVE('',#4224,#3945,#4579,.T.);
#4579 = LINE('',#4580,#4581);
#4580 = CARTESIAN_POINT('',(137.1,19.5,-0.5));
#4581 = VECTOR('',#4582,1.);
#4582 = DIRECTION('',(0.,0.,1.));
#4583 = ORIENTED_EDGE('',*,*,#3944,.F.);
#4584 = PLANE('',#4585);
#4585 = AXIS2_PLACEMENT_3D('',#4586,#4587,#4588);
#4586 = CARTESIAN_POINT('',(137.1,17.5,-0.5));
#4587 = DIRECTION('',(1.,0.,-0.));
#4588 = DIRECTION('',(0.,0.,1.));
#4589 = ADVANCED_FACE('',(#4590),#4596,.F.);
#4590 = FACE_BOUND('',#4591,.F.);
#4591 = EDGE_LOOP('',(#4592,#4593,#4594,#4595));
#4592 = ORIENTED_EDGE('',*,*,#4561,.F.);
#4593 = ORIENTED_EDGE('',*,*,#4231,.T.);
#4594 = ORIENTED_EDGE('',*,*,#4578,.T.);
#4595 = ORIENTED_EDGE('',*,*,#3952,.F.);
#4596 = PLANE('',#4597);
#4597 = AXIS2_PLACEMENT_3D('',#4598,#4599,#4600);
#4598 = CARTESIAN_POINT('',(137.1,19.5,-0.5));
#4599 = DIRECTION('',(-0.,1.,0.));
#4600 = DIRECTION('',(0.,0.,1.));
#4601 = ADVANCED_FACE('',(#4602),#4618,.T.);
#4602 = FACE_BOUND('',#4603,.T.);
#4603 = EDGE_LOOP('',(#4604,#4610,#4611,#4617));
#4604 = ORIENTED_EDGE('',*,*,#4605,.F.);
#4605 = EDGE_CURVE('',#4248,#3969,#4606,.T.);
#4606 = LINE('',#4607,#4608);
#4607 = CARTESIAN_POINT('',(139.9,17.5,-0.5));
#4608 = VECTOR('',#4609,1.);
#4609 = DIRECTION('',(0.,0.,1.));
#4610 = ORIENTED_EDGE('',*,*,#4247,.T.);
#4611 = ORIENTED_EDGE('',*,*,#4612,.T.);
#4612 = EDGE_CURVE('',#4250,#3971,#4613,.T.);
#4613 = LINE('',#4614,#4615);
#4614 = CARTESIAN_POINT('',(138.9,17.5,-0.5));
#4615 = VECTOR('',#4616,1.);
#4616 = DIRECTION('',(0.,0.,1.));
#4617 = ORIENTED_EDGE('',*,*,#3968,.F.);
#4618 = PLANE('',#4619);
#4619 = AXIS2_PLACEMENT_3D('',#4620,#4621,#4622);
#4620 = CARTESIAN_POINT('',(138.9,17.5,-0.5));
#4621 = DIRECTION('',(-0.,1.,0.));
#4622 = DIRECTION('',(0.,0.,1.));
#4623 = ADVANCED_FACE('',(#4624),#4635,.F.);
#4624 = FACE_BOUND('',#4625,.F.);
#4625 = EDGE_LOOP('',(#4626,#4627,#4628,#4634));
#4626 = ORIENTED_EDGE('',*,*,#4605,.F.);
#4627 = ORIENTED_EDGE('',*,*,#4273,.T.);
#4628 = ORIENTED_EDGE('',*,*,#4629,.T.);
#4629 = EDGE_CURVE('',#4266,#3987,#4630,.T.);
#4630 = LINE('',#4631,#4632);
#4631 = CARTESIAN_POINT('',(139.9,19.5,-0.5));
#4632 = VECTOR('',#4633,1.);
#4633 = DIRECTION('',(0.,0.,1.));
#4634 = ORIENTED_EDGE('',*,*,#3994,.F.);
#4635 = PLANE('',#4636);
#4636 = AXIS2_PLACEMENT_3D('',#4637,#4638,#4639);
#4637 = CARTESIAN_POINT('',(139.9,17.5,-0.5));
#4638 = DIRECTION('',(1.,0.,-0.));
#4639 = DIRECTION('',(0.,0.,1.));
#4640 = ADVANCED_FACE('',(#4641),#4652,.T.);
#4641 = FACE_BOUND('',#4642,.T.);
#4642 = EDGE_LOOP('',(#4643,#4644,#4645,#4651));
#4643 = ORIENTED_EDGE('',*,*,#4612,.F.);
#4644 = ORIENTED_EDGE('',*,*,#4257,.T.);
#4645 = ORIENTED_EDGE('',*,*,#4646,.T.);
#4646 = EDGE_CURVE('',#4258,#3979,#4647,.T.);
#4647 = LINE('',#4648,#4649);
#4648 = CARTESIAN_POINT('',(138.9,19.5,-0.5));
#4649 = VECTOR('',#4650,1.);
#4650 = DIRECTION('',(0.,0.,1.));
#4651 = ORIENTED_EDGE('',*,*,#3978,.F.);
#4652 = PLANE('',#4653);
#4653 = AXIS2_PLACEMENT_3D('',#4654,#4655,#4656);
#4654 = CARTESIAN_POINT('',(138.9,17.5,-0.5));
#4655 = DIRECTION('',(1.,0.,-0.));
#4656 = DIRECTION('',(0.,0.,1.));
#4657 = ADVANCED_FACE('',(#4658),#4664,.F.);
#4658 = FACE_BOUND('',#4659,.F.);
#4659 = EDGE_LOOP('',(#4660,#4661,#4662,#4663));
#4660 = ORIENTED_EDGE('',*,*,#4629,.F.);
#4661 = ORIENTED_EDGE('',*,*,#4265,.T.);
#4662 = ORIENTED_EDGE('',*,*,#4646,.T.);
#4663 = ORIENTED_EDGE('',*,*,#3986,.F.);
#4664 = PLANE('',#4665);
#4665 = AXIS2_PLACEMENT_3D('',#4666,#4667,#4668);
#4666 = CARTESIAN_POINT('',(138.9,19.5,-0.5));
#4667 = DIRECTION('',(-0.,1.,0.));
#4668 = DIRECTION('',(0.,0.,1.));
#4669 = ADVANCED_FACE('',(#4670),#4686,.T.);
#4670 = FACE_BOUND('',#4671,.T.);
#4671 = EDGE_LOOP('',(#4672,#4678,#4679,#4685));
#4672 = ORIENTED_EDGE('',*,*,#4673,.F.);
#4673 = EDGE_CURVE('',#4282,#4003,#4674,.T.);
#4674 = LINE('',#4675,#4676);
#4675 = CARTESIAN_POINT('',(141.7,17.5,-0.5));
#4676 = VECTOR('',#4677,1.);
#4677 = DIRECTION('',(0.,0.,1.));
#4678 = ORIENTED_EDGE('',*,*,#4281,.T.);
#4679 = ORIENTED_EDGE('',*,*,#4680,.T.);
#4680 = EDGE_CURVE('',#4284,#4005,#4681,.T.);
#4681 = LINE('',#4682,#4683);
#4682 = CARTESIAN_POINT('',(140.7,17.5,-0.5));
#4683 = VECTOR('',#4684,1.);
#4684 = DIRECTION('',(0.,0.,1.));
#4685 = ORIENTED_EDGE('',*,*,#4002,.F.);
#4686 = PLANE('',#4687);
#4687 = AXIS2_PLACEMENT_3D('',#4688,#4689,#4690);
#4688 = CARTESIAN_POINT('',(140.7,17.5,-0.5));
#4689 = DIRECTION('',(-0.,1.,0.));
#4690 = DIRECTION('',(0.,0.,1.));
#4691 = ADVANCED_FACE('',(#4692),#4703,.F.);
#4692 = FACE_BOUND('',#4693,.F.);
#4693 = EDGE_LOOP('',(#4694,#4695,#4696,#4702));
#4694 = ORIENTED_EDGE('',*,*,#4673,.F.);
#4695 = ORIENTED_EDGE('',*,*,#4307,.T.);
#4696 = ORIENTED_EDGE('',*,*,#4697,.T.);
#4697 = EDGE_CURVE('',#4300,#4021,#4698,.T.);
#4698 = LINE('',#4699,#4700);
#4699 = CARTESIAN_POINT('',(141.7,19.5,-0.5));
#4700 = VECTOR('',#4701,1.);
#4701 = DIRECTION('',(0.,0.,1.));
#4702 = ORIENTED_EDGE('',*,*,#4028,.F.);
#4703 = PLANE('',#4704);
#4704 = AXIS2_PLACEMENT_3D('',#4705,#4706,#4707);
#4705 = CARTESIAN_POINT('',(141.7,17.5,-0.5));
#4706 = DIRECTION('',(1.,0.,-0.));
#4707 = DIRECTION('',(0.,0.,1.));
#4708 = ADVANCED_FACE('',(#4709),#4720,.T.);
#4709 = FACE_BOUND('',#4710,.T.);
#4710 = EDGE_LOOP('',(#4711,#4712,#4713,#4719));
#4711 = ORIENTED_EDGE('',*,*,#4680,.F.);
#4712 = ORIENTED_EDGE('',*,*,#4291,.T.);
#4713 = ORIENTED_EDGE('',*,*,#4714,.T.);
#4714 = EDGE_CURVE('',#4292,#4013,#4715,.T.);
#4715 = LINE('',#4716,#4717);
#4716 = CARTESIAN_POINT('',(140.7,19.5,-0.5));
#4717 = VECTOR('',#4718,1.);
#4718 = DIRECTION('',(0.,0.,1.));
#4719 = ORIENTED_EDGE('',*,*,#4012,.F.);
#4720 = PLANE('',#4721);
#4721 = AXIS2_PLACEMENT_3D('',#4722,#4723,#4724);
#4722 = CARTESIAN_POINT('',(140.7,17.5,-0.5));
#4723 = DIRECTION('',(1.,0.,-0.));
#4724 = DIRECTION('',(0.,0.,1.));
#4725 = ADVANCED_FACE('',(#4726),#4732,.F.);
#4726 = FACE_BOUND('',#4727,.F.);
#4727 = EDGE_LOOP('',(#4728,#4729,#4730,#4731));
#4728 = ORIENTED_EDGE('',*,*,#4697,.F.);
#4729 = ORIENTED_EDGE('',*,*,#4299,.T.);
#4730 = ORIENTED_EDGE('',*,*,#4714,.T.);
#4731 = ORIENTED_EDGE('',*,*,#4020,.F.);
#4732 = PLANE('',#4733);
#4733 = AXIS2_PLACEMENT_3D('',#4734,#4735,#4736);
#4734 = CARTESIAN_POINT('',(140.7,19.5,-0.5));
#4735 = DIRECTION('',(-0.,1.,0.));
#4736 = DIRECTION('',(0.,0.,1.));
#4737 = ADVANCED_FACE('',(#4738),#4754,.T.);
#4738 = FACE_BOUND('',#4739,.T.);
#4739 = EDGE_LOOP('',(#4740,#4746,#4747,#4753));
#4740 = ORIENTED_EDGE('',*,*,#4741,.F.);
#4741 = EDGE_CURVE('',#4316,#4037,#4742,.T.);
#4742 = LINE('',#4743,#4744);
#4743 = CARTESIAN_POINT('',(143.5,17.5,-0.5));
#4744 = VECTOR('',#4745,1.);
#4745 = DIRECTION('',(0.,0.,1.));
#4746 = ORIENTED_EDGE('',*,*,#4315,.T.);
#4747 = ORIENTED_EDGE('',*,*,#4748,.T.);
#4748 = EDGE_CURVE('',#4318,#4039,#4749,.T.);
#4749 = LINE('',#4750,#4751);
#4750 = CARTESIAN_POINT('',(142.5,17.5,-0.5));
#4751 = VECTOR('',#4752,1.);
#4752 = DIRECTION('',(0.,0.,1.));
#4753 = ORIENTED_EDGE('',*,*,#4036,.F.);
#4754 = PLANE('',#4755);
#4755 = AXIS2_PLACEMENT_3D('',#4756,#4757,#4758);
#4756 = CARTESIAN_POINT('',(142.5,17.5,-0.5));
#4757 = DIRECTION('',(-0.,1.,0.));
#4758 = DIRECTION('',(0.,0.,1.));
#4759 = ADVANCED_FACE('',(#4760),#4771,.F.);
#4760 = FACE_BOUND('',#4761,.F.);
#4761 = EDGE_LOOP('',(#4762,#4763,#4764,#4770));
#4762 = ORIENTED_EDGE('',*,*,#4741,.F.);
#4763 = ORIENTED_EDGE('',*,*,#4341,.T.);
#4764 = ORIENTED_EDGE('',*,*,#4765,.T.);
#4765 = EDGE_CURVE('',#4334,#4055,#4766,.T.);
#4766 = LINE('',#4767,#4768);
#4767 = CARTESIAN_POINT('',(143.5,19.5,-0.5));
#4768 = VECTOR('',#4769,1.);
#4769 = DIRECTION('',(0.,0.,1.));
#4770 = ORIENTED_EDGE('',*,*,#4062,.F.);
#4771 = PLANE('',#4772);
#4772 = AXIS2_PLACEMENT_3D('',#4773,#4774,#4775);
#4773 = CARTESIAN_POINT('',(143.5,17.5,-0.5));
#4774 = DIRECTION('',(1.,0.,-0.));
#4775 = DIRECTION('',(0.,0.,1.));
#4776 = ADVANCED_FACE('',(#4777),#4788,.T.);
#4777 = FACE_BOUND('',#4778,.T.);
#4778 = EDGE_LOOP('',(#4779,#4780,#4781,#4787));
#4779 = ORIENTED_EDGE('',*,*,#4748,.F.);
#4780 = ORIENTED_EDGE('',*,*,#4325,.T.);
#4781 = ORIENTED_EDGE('',*,*,#4782,.T.);
#4782 = EDGE_CURVE('',#4326,#4047,#4783,.T.);
#4783 = LINE('',#4784,#4785);
#4784 = CARTESIAN_POINT('',(142.5,19.5,-0.5));
#4785 = VECTOR('',#4786,1.);
#4786 = DIRECTION('',(0.,0.,1.));
#4787 = ORIENTED_EDGE('',*,*,#4046,.F.);
#4788 = PLANE('',#4789);
#4789 = AXIS2_PLACEMENT_3D('',#4790,#4791,#4792);
#4790 = CARTESIAN_POINT('',(142.5,17.5,-0.5));
#4791 = DIRECTION('',(1.,0.,-0.));
#4792 = DIRECTION('',(0.,0.,1.));
#4793 = ADVANCED_FACE('',(#4794),#4800,.F.);
#4794 = FACE_BOUND('',#4795,.F.);
#4795 = EDGE_LOOP('',(#4796,#4797,#4798,#4799));
#4796 = ORIENTED_EDGE('',*,*,#4765,.F.);
#4797 = ORIENTED_EDGE('',*,*,#4333,.T.);
#4798 = ORIENTED_EDGE('',*,*,#4782,.T.);
#4799 = ORIENTED_EDGE('',*,*,#4054,.F.);
#4800 = PLANE('',#4801);
#4801 = AXIS2_PLACEMENT_3D('',#4802,#4803,#4804);
#4802 = CARTESIAN_POINT('',(142.5,19.5,-0.5));
#4803 = DIRECTION('',(-0.,1.,0.));
#4804 = DIRECTION('',(0.,0.,1.));
#4805 = ADVANCED_FACE('',(#4806),#4822,.T.);
#4806 = FACE_BOUND('',#4807,.T.);
#4807 = EDGE_LOOP('',(#4808,#4814,#4815,#4821));
#4808 = ORIENTED_EDGE('',*,*,#4809,.F.);
#4809 = EDGE_CURVE('',#4350,#4071,#4810,.T.);
#4810 = LINE('',#4811,#4812);
#4811 = CARTESIAN_POINT('',(145.3,17.5,-0.5));
#4812 = VECTOR('',#4813,1.);
#4813 = DIRECTION('',(0.,0.,1.));
#4814 = ORIENTED_EDGE('',*,*,#4349,.T.);
#4815 = ORIENTED_EDGE('',*,*,#4816,.T.);
#4816 = EDGE_CURVE('',#4352,#4073,#4817,.T.);
#4817 = LINE('',#4818,#4819);
#4818 = CARTESIAN_POINT('',(144.3,17.5,-0.5));
#4819 = VECTOR('',#4820,1.);
#4820 = DIRECTION('',(0.,0.,1.));
#4821 = ORIENTED_EDGE('',*,*,#4070,.F.);
#4822 = PLANE('',#4823);
#4823 = AXIS2_PLACEMENT_3D('',#4824,#4825,#4826);
#4824 = CARTESIAN_POINT('',(144.3,17.5,-0.5));
#4825 = DIRECTION('',(-0.,1.,0.));
#4826 = DIRECTION('',(0.,0.,1.));
#4827 = ADVANCED_FACE('',(#4828),#4839,.F.);
#4828 = FACE_BOUND('',#4829,.F.);
#4829 = EDGE_LOOP('',(#4830,#4831,#4832,#4838));
#4830 = ORIENTED_EDGE('',*,*,#4809,.F.);
#4831 = ORIENTED_EDGE('',*,*,#4375,.T.);
#4832 = ORIENTED_EDGE('',*,*,#4833,.T.);
#4833 = EDGE_CURVE('',#4368,#4089,#4834,.T.);
#4834 = LINE('',#4835,#4836);
#4835 = CARTESIAN_POINT('',(145.3,19.5,-0.5));
#4836 = VECTOR('',#4837,1.);
#4837 = DIRECTION('',(0.,0.,1.));
#4838 = ORIENTED_EDGE('',*,*,#4096,.F.);
#4839 = PLANE('',#4840);
#4840 = AXIS2_PLACEMENT_3D('',#4841,#4842,#4843);
#4841 = CARTESIAN_POINT('',(145.3,17.5,-0.5));
#4842 = DIRECTION('',(1.,0.,-0.));
#4843 = DIRECTION('',(0.,0.,1.));
#4844 = ADVANCED_FACE('',(#4845),#4856,.F.);
#4845 = FACE_BOUND('',#4846,.F.);
#4846 = EDGE_LOOP('',(#4847,#4848,#4849,#4855));
#4847 = ORIENTED_EDGE('',*,*,#4833,.F.);
#4848 = ORIENTED_EDGE('',*,*,#4367,.T.);
#4849 = ORIENTED_EDGE('',*,*,#4850,.T.);
#4850 = EDGE_CURVE('',#4360,#4081,#4851,.T.);
#4851 = LINE('',#4852,#4853);
#4852 = CARTESIAN_POINT('',(144.3,19.5,-0.5));
#4853 = VECTOR('',#4854,1.);
#4854 = DIRECTION('',(0.,0.,1.));
#4855 = ORIENTED_EDGE('',*,*,#4088,.F.);
#4856 = PLANE('',#4857);
#4857 = AXIS2_PLACEMENT_3D('',#4858,#4859,#4860);
#4858 = CARTESIAN_POINT('',(144.3,19.5,-0.5));
#4859 = DIRECTION('',(-0.,1.,0.));
#4860 = DIRECTION('',(0.,0.,1.));
#4861 = ADVANCED_FACE('',(#4862),#4868,.T.);
#4862 = FACE_BOUND('',#4863,.T.);
#4863 = EDGE_LOOP('',(#4864,#4865,#4866,#4867));
#4864 = ORIENTED_EDGE('',*,*,#4816,.F.);
#4865 = ORIENTED_EDGE('',*,*,#4359,.T.);
#4866 = ORIENTED_EDGE('',*,*,#4850,.T.);
#4867 = ORIENTED_EDGE('',*,*,#4080,.F.);
#4868 = PLANE('',#4869);
#4869 = AXIS2_PLACEMENT_3D('',#4870,#4871,#4872);
#4870 = CARTESIAN_POINT('',(144.3,17.5,-0.5));
#4871 = DIRECTION('',(1.,0.,-0.));
#4872 = DIRECTION('',(0.,0.,1.));
#4873 = MANIFOLD_SOLID_BREP('',#4874);
#4874 = CLOSED_SHELL('',(#4875,#4915,#4946,#5242,#5266,#5555,#5567,#5589
    ,#5606,#5623,#5635,#5657,#5674,#5691,#5703,#5725,#5742,#5759,#5771,
    #5793,#5810,#5827,#5839,#5861,#5878,#5895,#5907,#5929,#5946,#5963,
    #5975,#5997,#6014,#6031,#6043,#6065,#6082,#6099));
#4875 = ADVANCED_FACE('',(#4876),#4910,.F.);
#4876 = FACE_BOUND('',#4877,.F.);
#4877 = EDGE_LOOP('',(#4878,#4888,#4896,#4904));
#4878 = ORIENTED_EDGE('',*,*,#4879,.F.);
#4879 = EDGE_CURVE('',#4880,#4882,#4884,.T.);
#4880 = VERTEX_POINT('',#4881);
#4881 = CARTESIAN_POINT('',(154.,0.,0.));
#4882 = VERTEX_POINT('',#4883);
#4883 = CARTESIAN_POINT('',(154.,0.,1.9));
#4884 = LINE('',#4885,#4886);
#4885 = CARTESIAN_POINT('',(154.,0.,0.));
#4886 = VECTOR('',#4887,1.);
#4887 = DIRECTION('',(0.,0.,1.));
#4888 = ORIENTED_EDGE('',*,*,#4889,.T.);
#4889 = EDGE_CURVE('',#4880,#4890,#4892,.T.);
#4890 = VERTEX_POINT('',#4891);
#4891 = CARTESIAN_POINT('',(154.,20.,0.));
#4892 = LINE('',#4893,#4894);
#4893 = CARTESIAN_POINT('',(154.,0.,0.));
#4894 = VECTOR('',#4895,1.);
#4895 = DIRECTION('',(-0.,1.,0.));
#4896 = ORIENTED_EDGE('',*,*,#4897,.T.);
#4897 = EDGE_CURVE('',#4890,#4898,#4900,.T.);
#4898 = VERTEX_POINT('',#4899);
#4899 = CARTESIAN_POINT('',(154.,20.,1.9));
#4900 = LINE('',#4901,#4902);
#4901 = CARTESIAN_POINT('',(154.,20.,0.));
#4902 = VECTOR('',#4903,1.);
#4903 = DIRECTION('',(0.,0.,1.));
#4904 = ORIENTED_EDGE('',*,*,#4905,.F.);
#4905 = EDGE_CURVE('',#4882,#4898,#4906,.T.);
#4906 = LINE('',#4907,#4908);
#4907 = CARTESIAN_POINT('',(154.,0.,1.9));
#4908 = VECTOR('',#4909,1.);
#4909 = DIRECTION('',(-0.,1.,0.));
#4910 = PLANE('',#4911);
#4911 = AXIS2_PLACEMENT_3D('',#4912,#4913,#4914);
#4912 = CARTESIAN_POINT('',(154.,0.,0.));
#4913 = DIRECTION('',(1.,0.,-0.));
#4914 = DIRECTION('',(0.,0.,1.));
#4915 = ADVANCED_FACE('',(#4916),#4941,.F.);
#4916 = FACE_BOUND('',#4917,.F.);
#4917 = EDGE_LOOP('',(#4918,#4926,#4927,#4935));
#4918 = ORIENTED_EDGE('',*,*,#4919,.F.);
#4919 = EDGE_CURVE('',#4880,#4920,#4922,.T.);
#4920 = VERTEX_POINT('',#4921);
#4921 = CARTESIAN_POINT('',(174.,0.,0.));
#4922 = LINE('',#4923,#4924);
#4923 = CARTESIAN_POINT('',(154.,0.,0.));
#4924 = VECTOR('',#4925,1.);
#4925 = DIRECTION('',(1.,0.,-0.));
#4926 = ORIENTED_EDGE('',*,*,#4879,.T.);
#4927 = ORIENTED_EDGE('',*,*,#4928,.T.);
#4928 = EDGE_CURVE('',#4882,#4929,#4931,.T.);
#4929 = VERTEX_POINT('',#4930);
#4930 = CARTESIAN_POINT('',(174.,0.,1.9));
#4931 = LINE('',#4932,#4933);
#4932 = CARTESIAN_POINT('',(154.,0.,1.9));
#4933 = VECTOR('',#4934,1.);
#4934 = DIRECTION('',(1.,0.,-0.));
#4935 = ORIENTED_EDGE('',*,*,#4936,.F.);
#4936 = EDGE_CURVE('',#4920,#4929,#4937,.T.);
#4937 = LINE('',#4938,#4939);
#4938 = CARTESIAN_POINT('',(174.,0.,0.));
#4939 = VECTOR('',#4940,1.);
#4940 = DIRECTION('',(0.,0.,1.));
#4941 = PLANE('',#4942);
#4942 = AXIS2_PLACEMENT_3D('',#4943,#4944,#4945);
#4943 = CARTESIAN_POINT('',(154.,0.,0.));
#4944 = DIRECTION('',(-0.,1.,0.));
#4945 = DIRECTION('',(0.,0.,1.));
#4946 = ADVANCED_FACE('',(#4947,#4965,#4999,#5033,#5067,#5101,#5135,
    #5169,#5203),#5237,.T.);
#4947 = FACE_BOUND('',#4948,.T.);
#4948 = EDGE_LOOP('',(#4949,#4950,#4951,#4959));
#4949 = ORIENTED_EDGE('',*,*,#4905,.F.);
#4950 = ORIENTED_EDGE('',*,*,#4928,.T.);
#4951 = ORIENTED_EDGE('',*,*,#4952,.T.);
#4952 = EDGE_CURVE('',#4929,#4953,#4955,.T.);
#4953 = VERTEX_POINT('',#4954);
#4954 = CARTESIAN_POINT('',(174.,20.,1.9));
#4955 = LINE('',#4956,#4957);
#4956 = CARTESIAN_POINT('',(174.,0.,1.9));
#4957 = VECTOR('',#4958,1.);
#4958 = DIRECTION('',(-0.,1.,0.));
#4959 = ORIENTED_EDGE('',*,*,#4960,.F.);
#4960 = EDGE_CURVE('',#4898,#4953,#4961,.T.);
#4961 = LINE('',#4962,#4963);
#4962 = CARTESIAN_POINT('',(154.,20.,1.9));
#4963 = VECTOR('',#4964,1.);
#4964 = DIRECTION('',(1.,0.,-0.));
#4965 = FACE_BOUND('',#4966,.T.);
#4966 = EDGE_LOOP('',(#4967,#4977,#4985,#4993));
#4967 = ORIENTED_EDGE('',*,*,#4968,.T.);
#4968 = EDGE_CURVE('',#4969,#4971,#4973,.T.);
#4969 = VERTEX_POINT('',#4970);
#4970 = CARTESIAN_POINT('',(156.5,17.5,1.9));
#4971 = VERTEX_POINT('',#4972);
#4972 = CARTESIAN_POINT('',(155.5,17.5,1.9));
#4973 = LINE('',#4974,#4975);
#4974 = CARTESIAN_POINT('',(154.75,17.5,1.9));
#4975 = VECTOR('',#4976,1.);
#4976 = DIRECTION('',(-1.,-0.,0.));
#4977 = ORIENTED_EDGE('',*,*,#4978,.T.);
#4978 = EDGE_CURVE('',#4971,#4979,#4981,.T.);
#4979 = VERTEX_POINT('',#4980);
#4980 = CARTESIAN_POINT('',(155.5,19.5,1.9));
#4981 = LINE('',#4982,#4983);
#4982 = CARTESIAN_POINT('',(155.5,8.75,1.9));
#4983 = VECTOR('',#4984,1.);
#4984 = DIRECTION('',(-0.,1.,0.));
#4985 = ORIENTED_EDGE('',*,*,#4986,.F.);
#4986 = EDGE_CURVE('',#4987,#4979,#4989,.T.);
#4987 = VERTEX_POINT('',#4988);
#4988 = CARTESIAN_POINT('',(156.5,19.5,1.9));
#4989 = LINE('',#4990,#4991);
#4990 = CARTESIAN_POINT('',(154.75,19.5,1.9));
#4991 = VECTOR('',#4992,1.);
#4992 = DIRECTION('',(-1.,-0.,0.));
#4993 = ORIENTED_EDGE('',*,*,#4994,.F.);
#4994 = EDGE_CURVE('',#4969,#4987,#4995,.T.);
#4995 = LINE('',#4996,#4997);
#4996 = CARTESIAN_POINT('',(156.5,8.75,1.9));
#4997 = VECTOR('',#4998,1.);
#4998 = DIRECTION('',(-0.,1.,0.));
#4999 = FACE_BOUND('',#5000,.T.);
#5000 = EDGE_LOOP('',(#5001,#5011,#5019,#5027));
#5001 = ORIENTED_EDGE('',*,*,#5002,.T.);
#5002 = EDGE_CURVE('',#5003,#5005,#5007,.T.);
#5003 = VERTEX_POINT('',#5004);
#5004 = CARTESIAN_POINT('',(158.3,17.5,1.9));
#5005 = VERTEX_POINT('',#5006);
#5006 = CARTESIAN_POINT('',(157.3,17.5,1.9));
#5007 = LINE('',#5008,#5009);
#5008 = CARTESIAN_POINT('',(155.65,17.5,1.9));
#5009 = VECTOR('',#5010,1.);
#5010 = DIRECTION('',(-1.,-0.,0.));
#5011 = ORIENTED_EDGE('',*,*,#5012,.T.);
#5012 = EDGE_CURVE('',#5005,#5013,#5015,.T.);
#5013 = VERTEX_POINT('',#5014);
#5014 = CARTESIAN_POINT('',(157.3,19.5,1.9));
#5015 = LINE('',#5016,#5017);
#5016 = CARTESIAN_POINT('',(157.3,8.75,1.9));
#5017 = VECTOR('',#5018,1.);
#5018 = DIRECTION('',(-0.,1.,0.));
#5019 = ORIENTED_EDGE('',*,*,#5020,.F.);
#5020 = EDGE_CURVE('',#5021,#5013,#5023,.T.);
#5021 = VERTEX_POINT('',#5022);
#5022 = CARTESIAN_POINT('',(158.3,19.5,1.9));
#5023 = LINE('',#5024,#5025);
#5024 = CARTESIAN_POINT('',(155.65,19.5,1.9));
#5025 = VECTOR('',#5026,1.);
#5026 = DIRECTION('',(-1.,-0.,0.));
#5027 = ORIENTED_EDGE('',*,*,#5028,.F.);
#5028 = EDGE_CURVE('',#5003,#5021,#5029,.T.);
#5029 = LINE('',#5030,#5031);
#5030 = CARTESIAN_POINT('',(158.3,8.75,1.9));
#5031 = VECTOR('',#5032,1.);
#5032 = DIRECTION('',(-0.,1.,0.));
#5033 = FACE_BOUND('',#5034,.T.);
#5034 = EDGE_LOOP('',(#5035,#5045,#5053,#5061));
#5035 = ORIENTED_EDGE('',*,*,#5036,.T.);
#5036 = EDGE_CURVE('',#5037,#5039,#5041,.T.);
#5037 = VERTEX_POINT('',#5038);
#5038 = CARTESIAN_POINT('',(160.1,17.5,1.9));
#5039 = VERTEX_POINT('',#5040);
#5040 = CARTESIAN_POINT('',(159.1,17.5,1.9));
#5041 = LINE('',#5042,#5043);
#5042 = CARTESIAN_POINT('',(156.55,17.5,1.9));
#5043 = VECTOR('',#5044,1.);
#5044 = DIRECTION('',(-1.,-0.,0.));
#5045 = ORIENTED_EDGE('',*,*,#5046,.T.);
#5046 = EDGE_CURVE('',#5039,#5047,#5049,.T.);
#5047 = VERTEX_POINT('',#5048);
#5048 = CARTESIAN_POINT('',(159.1,19.5,1.9));
#5049 = LINE('',#5050,#5051);
#5050 = CARTESIAN_POINT('',(159.1,8.75,1.9));
#5051 = VECTOR('',#5052,1.);
#5052 = DIRECTION('',(-0.,1.,0.));
#5053 = ORIENTED_EDGE('',*,*,#5054,.F.);
#5054 = EDGE_CURVE('',#5055,#5047,#5057,.T.);
#5055 = VERTEX_POINT('',#5056);
#5056 = CARTESIAN_POINT('',(160.1,19.5,1.9));
#5057 = LINE('',#5058,#5059);
#5058 = CARTESIAN_POINT('',(156.55,19.5,1.9));
#5059 = VECTOR('',#5060,1.);
#5060 = DIRECTION('',(-1.,-0.,0.));
#5061 = ORIENTED_EDGE('',*,*,#5062,.F.);
#5062 = EDGE_CURVE('',#5037,#5055,#5063,.T.);
#5063 = LINE('',#5064,#5065);
#5064 = CARTESIAN_POINT('',(160.1,8.75,1.9));
#5065 = VECTOR('',#5066,1.);
#5066 = DIRECTION('',(-0.,1.,0.));
#5067 = FACE_BOUND('',#5068,.T.);
#5068 = EDGE_LOOP('',(#5069,#5079,#5087,#5095));
#5069 = ORIENTED_EDGE('',*,*,#5070,.T.);
#5070 = EDGE_CURVE('',#5071,#5073,#5075,.T.);
#5071 = VERTEX_POINT('',#5072);
#5072 = CARTESIAN_POINT('',(161.9,17.5,1.9));
#5073 = VERTEX_POINT('',#5074);
#5074 = CARTESIAN_POINT('',(160.9,17.5,1.9));
#5075 = LINE('',#5076,#5077);
#5076 = CARTESIAN_POINT('',(157.45,17.5,1.9));
#5077 = VECTOR('',#5078,1.);
#5078 = DIRECTION('',(-1.,-0.,0.));
#5079 = ORIENTED_EDGE('',*,*,#5080,.T.);
#5080 = EDGE_CURVE('',#5073,#5081,#5083,.T.);
#5081 = VERTEX_POINT('',#5082);
#5082 = CARTESIAN_POINT('',(160.9,19.5,1.9));
#5083 = LINE('',#5084,#5085);
#5084 = CARTESIAN_POINT('',(160.9,8.75,1.9));
#5085 = VECTOR('',#5086,1.);
#5086 = DIRECTION('',(-0.,1.,0.));
#5087 = ORIENTED_EDGE('',*,*,#5088,.F.);
#5088 = EDGE_CURVE('',#5089,#5081,#5091,.T.);
#5089 = VERTEX_POINT('',#5090);
#5090 = CARTESIAN_POINT('',(161.9,19.5,1.9));
#5091 = LINE('',#5092,#5093);
#5092 = CARTESIAN_POINT('',(157.45,19.5,1.9));
#5093 = VECTOR('',#5094,1.);
#5094 = DIRECTION('',(-1.,-0.,0.));
#5095 = ORIENTED_EDGE('',*,*,#5096,.F.);
#5096 = EDGE_CURVE('',#5071,#5089,#5097,.T.);
#5097 = LINE('',#5098,#5099);
#5098 = CARTESIAN_POINT('',(161.9,8.75,1.9));
#5099 = VECTOR('',#5100,1.);
#5100 = DIRECTION('',(-0.,1.,0.));
#5101 = FACE_BOUND('',#5102,.T.);
#5102 = EDGE_LOOP('',(#5103,#5113,#5121,#5129));
#5103 = ORIENTED_EDGE('',*,*,#5104,.T.);
#5104 = EDGE_CURVE('',#5105,#5107,#5109,.T.);
#5105 = VERTEX_POINT('',#5106);
#5106 = CARTESIAN_POINT('',(163.7,17.5,1.9));
#5107 = VERTEX_POINT('',#5108);
#5108 = CARTESIAN_POINT('',(162.7,17.5,1.9));
#5109 = LINE('',#5110,#5111);
#5110 = CARTESIAN_POINT('',(158.35,17.5,1.9));
#5111 = VECTOR('',#5112,1.);
#5112 = DIRECTION('',(-1.,-0.,0.));
#5113 = ORIENTED_EDGE('',*,*,#5114,.T.);
#5114 = EDGE_CURVE('',#5107,#5115,#5117,.T.);
#5115 = VERTEX_POINT('',#5116);
#5116 = CARTESIAN_POINT('',(162.7,19.5,1.9));
#5117 = LINE('',#5118,#5119);
#5118 = CARTESIAN_POINT('',(162.7,8.75,1.9));
#5119 = VECTOR('',#5120,1.);
#5120 = DIRECTION('',(-0.,1.,0.));
#5121 = ORIENTED_EDGE('',*,*,#5122,.F.);
#5122 = EDGE_CURVE('',#5123,#5115,#5125,.T.);
#5123 = VERTEX_POINT('',#5124);
#5124 = CARTESIAN_POINT('',(163.7,19.5,1.9));
#5125 = LINE('',#5126,#5127);
#5126 = CARTESIAN_POINT('',(158.35,19.5,1.9));
#5127 = VECTOR('',#5128,1.);
#5128 = DIRECTION('',(-1.,-0.,0.));
#5129 = ORIENTED_EDGE('',*,*,#5130,.F.);
#5130 = EDGE_CURVE('',#5105,#5123,#5131,.T.);
#5131 = LINE('',#5132,#5133);
#5132 = CARTESIAN_POINT('',(163.7,8.75,1.9));
#5133 = VECTOR('',#5134,1.);
#5134 = DIRECTION('',(-0.,1.,0.));
#5135 = FACE_BOUND('',#5136,.T.);
#5136 = EDGE_LOOP('',(#5137,#5147,#5155,#5163));
#5137 = ORIENTED_EDGE('',*,*,#5138,.T.);
#5138 = EDGE_CURVE('',#5139,#5141,#5143,.T.);
#5139 = VERTEX_POINT('',#5140);
#5140 = CARTESIAN_POINT('',(165.5,17.5,1.9));
#5141 = VERTEX_POINT('',#5142);
#5142 = CARTESIAN_POINT('',(164.5,17.5,1.9));
#5143 = LINE('',#5144,#5145);
#5144 = CARTESIAN_POINT('',(159.25,17.5,1.9));
#5145 = VECTOR('',#5146,1.);
#5146 = DIRECTION('',(-1.,-0.,0.));
#5147 = ORIENTED_EDGE('',*,*,#5148,.T.);
#5148 = EDGE_CURVE('',#5141,#5149,#5151,.T.);
#5149 = VERTEX_POINT('',#5150);
#5150 = CARTESIAN_POINT('',(164.5,19.5,1.9));
#5151 = LINE('',#5152,#5153);
#5152 = CARTESIAN_POINT('',(164.5,8.75,1.9));
#5153 = VECTOR('',#5154,1.);
#5154 = DIRECTION('',(-0.,1.,0.));
#5155 = ORIENTED_EDGE('',*,*,#5156,.F.);
#5156 = EDGE_CURVE('',#5157,#5149,#5159,.T.);
#5157 = VERTEX_POINT('',#5158);
#5158 = CARTESIAN_POINT('',(165.5,19.5,1.9));
#5159 = LINE('',#5160,#5161);
#5160 = CARTESIAN_POINT('',(159.25,19.5,1.9));
#5161 = VECTOR('',#5162,1.);
#5162 = DIRECTION('',(-1.,-0.,0.));
#5163 = ORIENTED_EDGE('',*,*,#5164,.F.);
#5164 = EDGE_CURVE('',#5139,#5157,#5165,.T.);
#5165 = LINE('',#5166,#5167);
#5166 = CARTESIAN_POINT('',(165.5,8.75,1.9));
#5167 = VECTOR('',#5168,1.);
#5168 = DIRECTION('',(-0.,1.,0.));
#5169 = FACE_BOUND('',#5170,.T.);
#5170 = EDGE_LOOP('',(#5171,#5181,#5189,#5197));
#5171 = ORIENTED_EDGE('',*,*,#5172,.T.);
#5172 = EDGE_CURVE('',#5173,#5175,#5177,.T.);
#5173 = VERTEX_POINT('',#5174);
#5174 = CARTESIAN_POINT('',(167.3,17.5,1.9));
#5175 = VERTEX_POINT('',#5176);
#5176 = CARTESIAN_POINT('',(166.3,17.5,1.9));
#5177 = LINE('',#5178,#5179);
#5178 = CARTESIAN_POINT('',(160.15,17.5,1.9));
#5179 = VECTOR('',#5180,1.);
#5180 = DIRECTION('',(-1.,-0.,0.));
#5181 = ORIENTED_EDGE('',*,*,#5182,.T.);
#5182 = EDGE_CURVE('',#5175,#5183,#5185,.T.);
#5183 = VERTEX_POINT('',#5184);
#5184 = CARTESIAN_POINT('',(166.3,19.5,1.9));
#5185 = LINE('',#5186,#5187);
#5186 = CARTESIAN_POINT('',(166.3,8.75,1.9));
#5187 = VECTOR('',#5188,1.);
#5188 = DIRECTION('',(-0.,1.,0.));
#5189 = ORIENTED_EDGE('',*,*,#5190,.F.);
#5190 = EDGE_CURVE('',#5191,#5183,#5193,.T.);
#5191 = VERTEX_POINT('',#5192);
#5192 = CARTESIAN_POINT('',(167.3,19.5,1.9));
#5193 = LINE('',#5194,#5195);
#5194 = CARTESIAN_POINT('',(160.15,19.5,1.9));
#5195 = VECTOR('',#5196,1.);
#5196 = DIRECTION('',(-1.,-0.,0.));
#5197 = ORIENTED_EDGE('',*,*,#5198,.F.);
#5198 = EDGE_CURVE('',#5173,#5191,#5199,.T.);
#5199 = LINE('',#5200,#5201);
#5200 = CARTESIAN_POINT('',(167.3,8.75,1.9));
#5201 = VECTOR('',#5202,1.);
#5202 = DIRECTION('',(-0.,1.,0.));
#5203 = FACE_BOUND('',#5204,.T.);
#5204 = EDGE_LOOP('',(#5205,#5215,#5223,#5231));
#5205 = ORIENTED_EDGE('',*,*,#5206,.T.);
#5206 = EDGE_CURVE('',#5207,#5209,#5211,.T.);
#5207 = VERTEX_POINT('',#5208);
#5208 = CARTESIAN_POINT('',(169.1,17.5,1.9));
#5209 = VERTEX_POINT('',#5210);
#5210 = CARTESIAN_POINT('',(168.1,17.5,1.9));
#5211 = LINE('',#5212,#5213);
#5212 = CARTESIAN_POINT('',(161.05,17.5,1.9));
#5213 = VECTOR('',#5214,1.);
#5214 = DIRECTION('',(-1.,-0.,0.));
#5215 = ORIENTED_EDGE('',*,*,#5216,.T.);
#5216 = EDGE_CURVE('',#5209,#5217,#5219,.T.);
#5217 = VERTEX_POINT('',#5218);
#5218 = CARTESIAN_POINT('',(168.1,19.5,1.9));
#5219 = LINE('',#5220,#5221);
#5220 = CARTESIAN_POINT('',(168.1,8.75,1.9));
#5221 = VECTOR('',#5222,1.);
#5222 = DIRECTION('',(-0.,1.,0.));
#5223 = ORIENTED_EDGE('',*,*,#5224,.F.);
#5224 = EDGE_CURVE('',#5225,#5217,#5227,.T.);
#5225 = VERTEX_POINT('',#5226);
#5226 = CARTESIAN_POINT('',(169.1,19.5,1.9));
#5227 = LINE('',#5228,#5229);
#5228 = CARTESIAN_POINT('',(161.05,19.5,1.9));
#5229 = VECTOR('',#5230,1.);
#5230 = DIRECTION('',(-1.,-0.,0.));
#5231 = ORIENTED_EDGE('',*,*,#5232,.F.);
#5232 = EDGE_CURVE('',#5207,#5225,#5233,.T.);
#5233 = LINE('',#5234,#5235);
#5234 = CARTESIAN_POINT('',(169.1,8.75,1.9));
#5235 = VECTOR('',#5236,1.);
#5236 = DIRECTION('',(-0.,1.,0.));
#5237 = PLANE('',#5238);
#5238 = AXIS2_PLACEMENT_3D('',#5239,#5240,#5241);
#5239 = CARTESIAN_POINT('',(154.,0.,1.9));
#5240 = DIRECTION('',(0.,0.,1.));
#5241 = DIRECTION('',(1.,0.,-0.));
#5242 = ADVANCED_FACE('',(#5243),#5261,.T.);
#5243 = FACE_BOUND('',#5244,.T.);
#5244 = EDGE_LOOP('',(#5245,#5253,#5254,#5255));
#5245 = ORIENTED_EDGE('',*,*,#5246,.F.);
#5246 = EDGE_CURVE('',#4890,#5247,#5249,.T.);
#5247 = VERTEX_POINT('',#5248);
#5248 = CARTESIAN_POINT('',(174.,20.,0.));
#5249 = LINE('',#5250,#5251);
#5250 = CARTESIAN_POINT('',(154.,20.,0.));
#5251 = VECTOR('',#5252,1.);
#5252 = DIRECTION('',(1.,0.,-0.));
#5253 = ORIENTED_EDGE('',*,*,#4897,.T.);
#5254 = ORIENTED_EDGE('',*,*,#4960,.T.);
#5255 = ORIENTED_EDGE('',*,*,#5256,.F.);
#5256 = EDGE_CURVE('',#5247,#4953,#5257,.T.);
#5257 = LINE('',#5258,#5259);
#5258 = CARTESIAN_POINT('',(174.,20.,0.));
#5259 = VECTOR('',#5260,1.);
#5260 = DIRECTION('',(0.,0.,1.));
#5261 = PLANE('',#5262);
#5262 = AXIS2_PLACEMENT_3D('',#5263,#5264,#5265);
#5263 = CARTESIAN_POINT('',(154.,20.,0.));
#5264 = DIRECTION('',(-0.,1.,0.));
#5265 = DIRECTION('',(0.,0.,1.));
#5266 = ADVANCED_FACE('',(#5267,#5278,#5312,#5346,#5380,#5414,#5448,
    #5482,#5516),#5550,.F.);
#5267 = FACE_BOUND('',#5268,.F.);
#5268 = EDGE_LOOP('',(#5269,#5270,#5271,#5277));
#5269 = ORIENTED_EDGE('',*,*,#4889,.F.);
#5270 = ORIENTED_EDGE('',*,*,#4919,.T.);
#5271 = ORIENTED_EDGE('',*,*,#5272,.T.);
#5272 = EDGE_CURVE('',#4920,#5247,#5273,.T.);
#5273 = LINE('',#5274,#5275);
#5274 = CARTESIAN_POINT('',(174.,0.,0.));
#5275 = VECTOR('',#5276,1.);
#5276 = DIRECTION('',(-0.,1.,0.));
#5277 = ORIENTED_EDGE('',*,*,#5246,.F.);
#5278 = FACE_BOUND('',#5279,.F.);
#5279 = EDGE_LOOP('',(#5280,#5290,#5298,#5306));
#5280 = ORIENTED_EDGE('',*,*,#5281,.T.);
#5281 = EDGE_CURVE('',#5282,#5284,#5286,.T.);
#5282 = VERTEX_POINT('',#5283);
#5283 = CARTESIAN_POINT('',(156.5,17.5,0.));
#5284 = VERTEX_POINT('',#5285);
#5285 = CARTESIAN_POINT('',(155.5,17.5,0.));
#5286 = LINE('',#5287,#5288);
#5287 = CARTESIAN_POINT('',(154.75,17.5,0.));
#5288 = VECTOR('',#5289,1.);
#5289 = DIRECTION('',(-1.,-0.,0.));
#5290 = ORIENTED_EDGE('',*,*,#5291,.T.);
#5291 = EDGE_CURVE('',#5284,#5292,#5294,.T.);
#5292 = VERTEX_POINT('',#5293);
#5293 = CARTESIAN_POINT('',(155.5,19.5,0.));
#5294 = LINE('',#5295,#5296);
#5295 = CARTESIAN_POINT('',(155.5,8.75,0.));
#5296 = VECTOR('',#5297,1.);
#5297 = DIRECTION('',(-0.,1.,0.));
#5298 = ORIENTED_EDGE('',*,*,#5299,.F.);
#5299 = EDGE_CURVE('',#5300,#5292,#5302,.T.);
#5300 = VERTEX_POINT('',#5301);
#5301 = CARTESIAN_POINT('',(156.5,19.5,0.));
#5302 = LINE('',#5303,#5304);
#5303 = CARTESIAN_POINT('',(154.75,19.5,0.));
#5304 = VECTOR('',#5305,1.);
#5305 = DIRECTION('',(-1.,-0.,0.));
#5306 = ORIENTED_EDGE('',*,*,#5307,.F.);
#5307 = EDGE_CURVE('',#5282,#5300,#5308,.T.);
#5308 = LINE('',#5309,#5310);
#5309 = CARTESIAN_POINT('',(156.5,8.75,0.));
#5310 = VECTOR('',#5311,1.);
#5311 = DIRECTION('',(-0.,1.,0.));
#5312 = FACE_BOUND('',#5313,.F.);
#5313 = EDGE_LOOP('',(#5314,#5324,#5332,#5340));
#5314 = ORIENTED_EDGE('',*,*,#5315,.T.);
#5315 = EDGE_CURVE('',#5316,#5318,#5320,.T.);
#5316 = VERTEX_POINT('',#5317);
#5317 = CARTESIAN_POINT('',(158.3,17.5,0.));
#5318 = VERTEX_POINT('',#5319);
#5319 = CARTESIAN_POINT('',(157.3,17.5,0.));
#5320 = LINE('',#5321,#5322);
#5321 = CARTESIAN_POINT('',(155.65,17.5,0.));
#5322 = VECTOR('',#5323,1.);
#5323 = DIRECTION('',(-1.,-0.,0.));
#5324 = ORIENTED_EDGE('',*,*,#5325,.T.);
#5325 = EDGE_CURVE('',#5318,#5326,#5328,.T.);
#5326 = VERTEX_POINT('',#5327);
#5327 = CARTESIAN_POINT('',(157.3,19.5,0.));
#5328 = LINE('',#5329,#5330);
#5329 = CARTESIAN_POINT('',(157.3,8.75,0.));
#5330 = VECTOR('',#5331,1.);
#5331 = DIRECTION('',(-0.,1.,0.));
#5332 = ORIENTED_EDGE('',*,*,#5333,.F.);
#5333 = EDGE_CURVE('',#5334,#5326,#5336,.T.);
#5334 = VERTEX_POINT('',#5335);
#5335 = CARTESIAN_POINT('',(158.3,19.5,0.));
#5336 = LINE('',#5337,#5338);
#5337 = CARTESIAN_POINT('',(155.65,19.5,0.));
#5338 = VECTOR('',#5339,1.);
#5339 = DIRECTION('',(-1.,-0.,0.));
#5340 = ORIENTED_EDGE('',*,*,#5341,.F.);
#5341 = EDGE_CURVE('',#5316,#5334,#5342,.T.);
#5342 = LINE('',#5343,#5344);
#5343 = CARTESIAN_POINT('',(158.3,8.75,0.));
#5344 = VECTOR('',#5345,1.);
#5345 = DIRECTION('',(-0.,1.,0.));
#5346 = FACE_BOUND('',#5347,.F.);
#5347 = EDGE_LOOP('',(#5348,#5358,#5366,#5374));
#5348 = ORIENTED_EDGE('',*,*,#5349,.T.);
#5349 = EDGE_CURVE('',#5350,#5352,#5354,.T.);
#5350 = VERTEX_POINT('',#5351);
#5351 = CARTESIAN_POINT('',(160.1,17.5,0.));
#5352 = VERTEX_POINT('',#5353);
#5353 = CARTESIAN_POINT('',(159.1,17.5,0.));
#5354 = LINE('',#5355,#5356);
#5355 = CARTESIAN_POINT('',(156.55,17.5,0.));
#5356 = VECTOR('',#5357,1.);
#5357 = DIRECTION('',(-1.,-0.,0.));
#5358 = ORIENTED_EDGE('',*,*,#5359,.T.);
#5359 = EDGE_CURVE('',#5352,#5360,#5362,.T.);
#5360 = VERTEX_POINT('',#5361);
#5361 = CARTESIAN_POINT('',(159.1,19.5,0.));
#5362 = LINE('',#5363,#5364);
#5363 = CARTESIAN_POINT('',(159.1,8.75,0.));
#5364 = VECTOR('',#5365,1.);
#5365 = DIRECTION('',(-0.,1.,0.));
#5366 = ORIENTED_EDGE('',*,*,#5367,.F.);
#5367 = EDGE_CURVE('',#5368,#5360,#5370,.T.);
#5368 = VERTEX_POINT('',#5369);
#5369 = CARTESIAN_POINT('',(160.1,19.5,0.));
#5370 = LINE('',#5371,#5372);
#5371 = CARTESIAN_POINT('',(156.55,19.5,0.));
#5372 = VECTOR('',#5373,1.);
#5373 = DIRECTION('',(-1.,-0.,0.));
#5374 = ORIENTED_EDGE('',*,*,#5375,.F.);
#5375 = EDGE_CURVE('',#5350,#5368,#5376,.T.);
#5376 = LINE('',#5377,#5378);
#5377 = CARTESIAN_POINT('',(160.1,8.75,0.));
#5378 = VECTOR('',#5379,1.);
#5379 = DIRECTION('',(-0.,1.,0.));
#5380 = FACE_BOUND('',#5381,.F.);
#5381 = EDGE_LOOP('',(#5382,#5392,#5400,#5408));
#5382 = ORIENTED_EDGE('',*,*,#5383,.T.);
#5383 = EDGE_CURVE('',#5384,#5386,#5388,.T.);
#5384 = VERTEX_POINT('',#5385);
#5385 = CARTESIAN_POINT('',(161.9,17.5,0.));
#5386 = VERTEX_POINT('',#5387);
#5387 = CARTESIAN_POINT('',(160.9,17.5,0.));
#5388 = LINE('',#5389,#5390);
#5389 = CARTESIAN_POINT('',(157.45,17.5,0.));
#5390 = VECTOR('',#5391,1.);
#5391 = DIRECTION('',(-1.,-0.,0.));
#5392 = ORIENTED_EDGE('',*,*,#5393,.T.);
#5393 = EDGE_CURVE('',#5386,#5394,#5396,.T.);
#5394 = VERTEX_POINT('',#5395);
#5395 = CARTESIAN_POINT('',(160.9,19.5,0.));
#5396 = LINE('',#5397,#5398);
#5397 = CARTESIAN_POINT('',(160.9,8.75,0.));
#5398 = VECTOR('',#5399,1.);
#5399 = DIRECTION('',(-0.,1.,0.));
#5400 = ORIENTED_EDGE('',*,*,#5401,.F.);
#5401 = EDGE_CURVE('',#5402,#5394,#5404,.T.);
#5402 = VERTEX_POINT('',#5403);
#5403 = CARTESIAN_POINT('',(161.9,19.5,0.));
#5404 = LINE('',#5405,#5406);
#5405 = CARTESIAN_POINT('',(157.45,19.5,0.));
#5406 = VECTOR('',#5407,1.);
#5407 = DIRECTION('',(-1.,-0.,0.));
#5408 = ORIENTED_EDGE('',*,*,#5409,.F.);
#5409 = EDGE_CURVE('',#5384,#5402,#5410,.T.);
#5410 = LINE('',#5411,#5412);
#5411 = CARTESIAN_POINT('',(161.9,8.75,0.));
#5412 = VECTOR('',#5413,1.);
#5413 = DIRECTION('',(-0.,1.,0.));
#5414 = FACE_BOUND('',#5415,.F.);
#5415 = EDGE_LOOP('',(#5416,#5426,#5434,#5442));
#5416 = ORIENTED_EDGE('',*,*,#5417,.T.);
#5417 = EDGE_CURVE('',#5418,#5420,#5422,.T.);
#5418 = VERTEX_POINT('',#5419);
#5419 = CARTESIAN_POINT('',(163.7,17.5,0.));
#5420 = VERTEX_POINT('',#5421);
#5421 = CARTESIAN_POINT('',(162.7,17.5,0.));
#5422 = LINE('',#5423,#5424);
#5423 = CARTESIAN_POINT('',(158.35,17.5,0.));
#5424 = VECTOR('',#5425,1.);
#5425 = DIRECTION('',(-1.,-0.,0.));
#5426 = ORIENTED_EDGE('',*,*,#5427,.T.);
#5427 = EDGE_CURVE('',#5420,#5428,#5430,.T.);
#5428 = VERTEX_POINT('',#5429);
#5429 = CARTESIAN_POINT('',(162.7,19.5,0.));
#5430 = LINE('',#5431,#5432);
#5431 = CARTESIAN_POINT('',(162.7,8.75,0.));
#5432 = VECTOR('',#5433,1.);
#5433 = DIRECTION('',(-0.,1.,0.));
#5434 = ORIENTED_EDGE('',*,*,#5435,.F.);
#5435 = EDGE_CURVE('',#5436,#5428,#5438,.T.);
#5436 = VERTEX_POINT('',#5437);
#5437 = CARTESIAN_POINT('',(163.7,19.5,0.));
#5438 = LINE('',#5439,#5440);
#5439 = CARTESIAN_POINT('',(158.35,19.5,0.));
#5440 = VECTOR('',#5441,1.);
#5441 = DIRECTION('',(-1.,-0.,0.));
#5442 = ORIENTED_EDGE('',*,*,#5443,.F.);
#5443 = EDGE_CURVE('',#5418,#5436,#5444,.T.);
#5444 = LINE('',#5445,#5446);
#5445 = CARTESIAN_POINT('',(163.7,8.75,0.));
#5446 = VECTOR('',#5447,1.);
#5447 = DIRECTION('',(-0.,1.,0.));
#5448 = FACE_BOUND('',#5449,.F.);
#5449 = EDGE_LOOP('',(#5450,#5460,#5468,#5476));
#5450 = ORIENTED_EDGE('',*,*,#5451,.T.);
#5451 = EDGE_CURVE('',#5452,#5454,#5456,.T.);
#5452 = VERTEX_POINT('',#5453);
#5453 = CARTESIAN_POINT('',(165.5,17.5,0.));
#5454 = VERTEX_POINT('',#5455);
#5455 = CARTESIAN_POINT('',(164.5,17.5,0.));
#5456 = LINE('',#5457,#5458);
#5457 = CARTESIAN_POINT('',(159.25,17.5,0.));
#5458 = VECTOR('',#5459,1.);
#5459 = DIRECTION('',(-1.,-0.,0.));
#5460 = ORIENTED_EDGE('',*,*,#5461,.T.);
#5461 = EDGE_CURVE('',#5454,#5462,#5464,.T.);
#5462 = VERTEX_POINT('',#5463);
#5463 = CARTESIAN_POINT('',(164.5,19.5,0.));
#5464 = LINE('',#5465,#5466);
#5465 = CARTESIAN_POINT('',(164.5,8.75,0.));
#5466 = VECTOR('',#5467,1.);
#5467 = DIRECTION('',(-0.,1.,0.));
#5468 = ORIENTED_EDGE('',*,*,#5469,.F.);
#5469 = EDGE_CURVE('',#5470,#5462,#5472,.T.);
#5470 = VERTEX_POINT('',#5471);
#5471 = CARTESIAN_POINT('',(165.5,19.5,0.));
#5472 = LINE('',#5473,#5474);
#5473 = CARTESIAN_POINT('',(159.25,19.5,0.));
#5474 = VECTOR('',#5475,1.);
#5475 = DIRECTION('',(-1.,-0.,0.));
#5476 = ORIENTED_EDGE('',*,*,#5477,.F.);
#5477 = EDGE_CURVE('',#5452,#5470,#5478,.T.);
#5478 = LINE('',#5479,#5480);
#5479 = CARTESIAN_POINT('',(165.5,8.75,0.));
#5480 = VECTOR('',#5481,1.);
#5481 = DIRECTION('',(-0.,1.,0.));
#5482 = FACE_BOUND('',#5483,.F.);
#5483 = EDGE_LOOP('',(#5484,#5494,#5502,#5510));
#5484 = ORIENTED_EDGE('',*,*,#5485,.T.);
#5485 = EDGE_CURVE('',#5486,#5488,#5490,.T.);
#5486 = VERTEX_POINT('',#5487);
#5487 = CARTESIAN_POINT('',(167.3,17.5,0.));
#5488 = VERTEX_POINT('',#5489);
#5489 = CARTESIAN_POINT('',(166.3,17.5,0.));
#5490 = LINE('',#5491,#5492);
#5491 = CARTESIAN_POINT('',(160.15,17.5,0.));
#5492 = VECTOR('',#5493,1.);
#5493 = DIRECTION('',(-1.,-0.,0.));
#5494 = ORIENTED_EDGE('',*,*,#5495,.T.);
#5495 = EDGE_CURVE('',#5488,#5496,#5498,.T.);
#5496 = VERTEX_POINT('',#5497);
#5497 = CARTESIAN_POINT('',(166.3,19.5,0.));
#5498 = LINE('',#5499,#5500);
#5499 = CARTESIAN_POINT('',(166.3,8.75,0.));
#5500 = VECTOR('',#5501,1.);
#5501 = DIRECTION('',(-0.,1.,0.));
#5502 = ORIENTED_EDGE('',*,*,#5503,.F.);
#5503 = EDGE_CURVE('',#5504,#5496,#5506,.T.);
#5504 = VERTEX_POINT('',#5505);
#5505 = CARTESIAN_POINT('',(167.3,19.5,0.));
#5506 = LINE('',#5507,#5508);
#5507 = CARTESIAN_POINT('',(160.15,19.5,0.));
#5508 = VECTOR('',#5509,1.);
#5509 = DIRECTION('',(-1.,-0.,0.));
#5510 = ORIENTED_EDGE('',*,*,#5511,.F.);
#5511 = EDGE_CURVE('',#5486,#5504,#5512,.T.);
#5512 = LINE('',#5513,#5514);
#5513 = CARTESIAN_POINT('',(167.3,8.75,0.));
#5514 = VECTOR('',#5515,1.);
#5515 = DIRECTION('',(-0.,1.,0.));
#5516 = FACE_BOUND('',#5517,.F.);
#5517 = EDGE_LOOP('',(#5518,#5528,#5536,#5544));
#5518 = ORIENTED_EDGE('',*,*,#5519,.T.);
#5519 = EDGE_CURVE('',#5520,#5522,#5524,.T.);
#5520 = VERTEX_POINT('',#5521);
#5521 = CARTESIAN_POINT('',(169.1,17.5,0.));
#5522 = VERTEX_POINT('',#5523);
#5523 = CARTESIAN_POINT('',(168.1,17.5,0.));
#5524 = LINE('',#5525,#5526);
#5525 = CARTESIAN_POINT('',(161.05,17.5,0.));
#5526 = VECTOR('',#5527,1.);
#5527 = DIRECTION('',(-1.,-0.,0.));
#5528 = ORIENTED_EDGE('',*,*,#5529,.T.);
#5529 = EDGE_CURVE('',#5522,#5530,#5532,.T.);
#5530 = VERTEX_POINT('',#5531);
#5531 = CARTESIAN_POINT('',(168.1,19.5,0.));
#5532 = LINE('',#5533,#5534);
#5533 = CARTESIAN_POINT('',(168.1,8.75,0.));
#5534 = VECTOR('',#5535,1.);
#5535 = DIRECTION('',(-0.,1.,0.));
#5536 = ORIENTED_EDGE('',*,*,#5537,.F.);
#5537 = EDGE_CURVE('',#5538,#5530,#5540,.T.);
#5538 = VERTEX_POINT('',#5539);
#5539 = CARTESIAN_POINT('',(169.1,19.5,0.));
#5540 = LINE('',#5541,#5542);
#5541 = CARTESIAN_POINT('',(161.05,19.5,0.));
#5542 = VECTOR('',#5543,1.);
#5543 = DIRECTION('',(-1.,-0.,0.));
#5544 = ORIENTED_EDGE('',*,*,#5545,.F.);
#5545 = EDGE_CURVE('',#5520,#5538,#5546,.T.);
#5546 = LINE('',#5547,#5548);
#5547 = CARTESIAN_POINT('',(169.1,8.75,0.));
#5548 = VECTOR('',#5549,1.);
#5549 = DIRECTION('',(-0.,1.,0.));
#5550 = PLANE('',#5551);
#5551 = AXIS2_PLACEMENT_3D('',#5552,#5553,#5554);
#5552 = CARTESIAN_POINT('',(154.,0.,0.));
#5553 = DIRECTION('',(0.,0.,1.));
#5554 = DIRECTION('',(1.,0.,-0.));
#5555 = ADVANCED_FACE('',(#5556),#5562,.T.);
#5556 = FACE_BOUND('',#5557,.T.);
#5557 = EDGE_LOOP('',(#5558,#5559,#5560,#5561));
#5558 = ORIENTED_EDGE('',*,*,#4936,.F.);
#5559 = ORIENTED_EDGE('',*,*,#5272,.T.);
#5560 = ORIENTED_EDGE('',*,*,#5256,.T.);
#5561 = ORIENTED_EDGE('',*,*,#4952,.F.);
#5562 = PLANE('',#5563);
#5563 = AXIS2_PLACEMENT_3D('',#5564,#5565,#5566);
#5564 = CARTESIAN_POINT('',(174.,0.,0.));
#5565 = DIRECTION('',(1.,0.,-0.));
#5566 = DIRECTION('',(0.,0.,1.));
#5567 = ADVANCED_FACE('',(#5568),#5584,.T.);
#5568 = FACE_BOUND('',#5569,.T.);
#5569 = EDGE_LOOP('',(#5570,#5576,#5577,#5583));
#5570 = ORIENTED_EDGE('',*,*,#5571,.F.);
#5571 = EDGE_CURVE('',#5282,#4969,#5572,.T.);
#5572 = LINE('',#5573,#5574);
#5573 = CARTESIAN_POINT('',(156.5,17.5,-0.5));
#5574 = VECTOR('',#5575,1.);
#5575 = DIRECTION('',(0.,0.,1.));
#5576 = ORIENTED_EDGE('',*,*,#5281,.T.);
#5577 = ORIENTED_EDGE('',*,*,#5578,.T.);
#5578 = EDGE_CURVE('',#5284,#4971,#5579,.T.);
#5579 = LINE('',#5580,#5581);
#5580 = CARTESIAN_POINT('',(155.5,17.5,-0.5));
#5581 = VECTOR('',#5582,1.);
#5582 = DIRECTION('',(0.,0.,1.));
#5583 = ORIENTED_EDGE('',*,*,#4968,.F.);
#5584 = PLANE('',#5585);
#5585 = AXIS2_PLACEMENT_3D('',#5586,#5587,#5588);
#5586 = CARTESIAN_POINT('',(155.5,17.5,-0.5));
#5587 = DIRECTION('',(-0.,1.,0.));
#5588 = DIRECTION('',(0.,0.,1.));
#5589 = ADVANCED_FACE('',(#5590),#5601,.F.);
#5590 = FACE_BOUND('',#5591,.F.);
#5591 = EDGE_LOOP('',(#5592,#5593,#5594,#5600));
#5592 = ORIENTED_EDGE('',*,*,#5571,.F.);
#5593 = ORIENTED_EDGE('',*,*,#5307,.T.);
#5594 = ORIENTED_EDGE('',*,*,#5595,.T.);
#5595 = EDGE_CURVE('',#5300,#4987,#5596,.T.);
#5596 = LINE('',#5597,#5598);
#5597 = CARTESIAN_POINT('',(156.5,19.5,-0.5));
#5598 = VECTOR('',#5599,1.);
#5599 = DIRECTION('',(0.,0.,1.));
#5600 = ORIENTED_EDGE('',*,*,#4994,.F.);
#5601 = PLANE('',#5602);
#5602 = AXIS2_PLACEMENT_3D('',#5603,#5604,#5605);
#5603 = CARTESIAN_POINT('',(156.5,17.5,-0.5));
#5604 = DIRECTION('',(1.,0.,-0.));
#5605 = DIRECTION('',(0.,0.,1.));
#5606 = ADVANCED_FACE('',(#5607),#5618,.T.);
#5607 = FACE_BOUND('',#5608,.T.);
#5608 = EDGE_LOOP('',(#5609,#5610,#5611,#5617));
#5609 = ORIENTED_EDGE('',*,*,#5578,.F.);
#5610 = ORIENTED_EDGE('',*,*,#5291,.T.);
#5611 = ORIENTED_EDGE('',*,*,#5612,.T.);
#5612 = EDGE_CURVE('',#5292,#4979,#5613,.T.);
#5613 = LINE('',#5614,#5615);
#5614 = CARTESIAN_POINT('',(155.5,19.5,-0.5));
#5615 = VECTOR('',#5616,1.);
#5616 = DIRECTION('',(0.,0.,1.));
#5617 = ORIENTED_EDGE('',*,*,#4978,.F.);
#5618 = PLANE('',#5619);
#5619 = AXIS2_PLACEMENT_3D('',#5620,#5621,#5622);
#5620 = CARTESIAN_POINT('',(155.5,17.5,-0.5));
#5621 = DIRECTION('',(1.,0.,-0.));
#5622 = DIRECTION('',(0.,0.,1.));
#5623 = ADVANCED_FACE('',(#5624),#5630,.F.);
#5624 = FACE_BOUND('',#5625,.F.);
#5625 = EDGE_LOOP('',(#5626,#5627,#5628,#5629));
#5626 = ORIENTED_EDGE('',*,*,#5595,.F.);
#5627 = ORIENTED_EDGE('',*,*,#5299,.T.);
#5628 = ORIENTED_EDGE('',*,*,#5612,.T.);
#5629 = ORIENTED_EDGE('',*,*,#4986,.F.);
#5630 = PLANE('',#5631);
#5631 = AXIS2_PLACEMENT_3D('',#5632,#5633,#5634);
#5632 = CARTESIAN_POINT('',(155.5,19.5,-0.5));
#5633 = DIRECTION('',(-0.,1.,0.));
#5634 = DIRECTION('',(0.,0.,1.));
#5635 = ADVANCED_FACE('',(#5636),#5652,.T.);
#5636 = FACE_BOUND('',#5637,.T.);
#5637 = EDGE_LOOP('',(#5638,#5644,#5645,#5651));
#5638 = ORIENTED_EDGE('',*,*,#5639,.F.);
#5639 = EDGE_CURVE('',#5316,#5003,#5640,.T.);
#5640 = LINE('',#5641,#5642);
#5641 = CARTESIAN_POINT('',(158.3,17.5,-0.5));
#5642 = VECTOR('',#5643,1.);
#5643 = DIRECTION('',(0.,0.,1.));
#5644 = ORIENTED_EDGE('',*,*,#5315,.T.);
#5645 = ORIENTED_EDGE('',*,*,#5646,.T.);
#5646 = EDGE_CURVE('',#5318,#5005,#5647,.T.);
#5647 = LINE('',#5648,#5649);
#5648 = CARTESIAN_POINT('',(157.3,17.5,-0.5));
#5649 = VECTOR('',#5650,1.);
#5650 = DIRECTION('',(0.,0.,1.));
#5651 = ORIENTED_EDGE('',*,*,#5002,.F.);
#5652 = PLANE('',#5653);
#5653 = AXIS2_PLACEMENT_3D('',#5654,#5655,#5656);
#5654 = CARTESIAN_POINT('',(157.3,17.5,-0.5));
#5655 = DIRECTION('',(-0.,1.,0.));
#5656 = DIRECTION('',(0.,0.,1.));
#5657 = ADVANCED_FACE('',(#5658),#5669,.F.);
#5658 = FACE_BOUND('',#5659,.F.);
#5659 = EDGE_LOOP('',(#5660,#5661,#5662,#5668));
#5660 = ORIENTED_EDGE('',*,*,#5639,.F.);
#5661 = ORIENTED_EDGE('',*,*,#5341,.T.);
#5662 = ORIENTED_EDGE('',*,*,#5663,.T.);
#5663 = EDGE_CURVE('',#5334,#5021,#5664,.T.);
#5664 = LINE('',#5665,#5666);
#5665 = CARTESIAN_POINT('',(158.3,19.5,-0.5));
#5666 = VECTOR('',#5667,1.);
#5667 = DIRECTION('',(0.,0.,1.));
#5668 = ORIENTED_EDGE('',*,*,#5028,.F.);
#5669 = PLANE('',#5670);
#5670 = AXIS2_PLACEMENT_3D('',#5671,#5672,#5673);
#5671 = CARTESIAN_POINT('',(158.3,17.5,-0.5));
#5672 = DIRECTION('',(1.,0.,-0.));
#5673 = DIRECTION('',(0.,0.,1.));
#5674 = ADVANCED_FACE('',(#5675),#5686,.T.);
#5675 = FACE_BOUND('',#5676,.T.);
#5676 = EDGE_LOOP('',(#5677,#5678,#5679,#5685));
#5677 = ORIENTED_EDGE('',*,*,#5646,.F.);
#5678 = ORIENTED_EDGE('',*,*,#5325,.T.);
#5679 = ORIENTED_EDGE('',*,*,#5680,.T.);
#5680 = EDGE_CURVE('',#5326,#5013,#5681,.T.);
#5681 = LINE('',#5682,#5683);
#5682 = CARTESIAN_POINT('',(157.3,19.5,-0.5));
#5683 = VECTOR('',#5684,1.);
#5684 = DIRECTION('',(0.,0.,1.));
#5685 = ORIENTED_EDGE('',*,*,#5012,.F.);
#5686 = PLANE('',#5687);
#5687 = AXIS2_PLACEMENT_3D('',#5688,#5689,#5690);
#5688 = CARTESIAN_POINT('',(157.3,17.5,-0.5));
#5689 = DIRECTION('',(1.,0.,-0.));
#5690 = DIRECTION('',(0.,0.,1.));
#5691 = ADVANCED_FACE('',(#5692),#5698,.F.);
#5692 = FACE_BOUND('',#5693,.F.);
#5693 = EDGE_LOOP('',(#5694,#5695,#5696,#5697));
#5694 = ORIENTED_EDGE('',*,*,#5663,.F.);
#5695 = ORIENTED_EDGE('',*,*,#5333,.T.);
#5696 = ORIENTED_EDGE('',*,*,#5680,.T.);
#5697 = ORIENTED_EDGE('',*,*,#5020,.F.);
#5698 = PLANE('',#5699);
#5699 = AXIS2_PLACEMENT_3D('',#5700,#5701,#5702);
#5700 = CARTESIAN_POINT('',(157.3,19.5,-0.5));
#5701 = DIRECTION('',(-0.,1.,0.));
#5702 = DIRECTION('',(0.,0.,1.));
#5703 = ADVANCED_FACE('',(#5704),#5720,.T.);
#5704 = FACE_BOUND('',#5705,.T.);
#5705 = EDGE_LOOP('',(#5706,#5712,#5713,#5719));
#5706 = ORIENTED_EDGE('',*,*,#5707,.F.);
#5707 = EDGE_CURVE('',#5350,#5037,#5708,.T.);
#5708 = LINE('',#5709,#5710);
#5709 = CARTESIAN_POINT('',(160.1,17.5,-0.5));
#5710 = VECTOR('',#5711,1.);
#5711 = DIRECTION('',(0.,0.,1.));
#5712 = ORIENTED_EDGE('',*,*,#5349,.T.);
#5713 = ORIENTED_EDGE('',*,*,#5714,.T.);
#5714 = EDGE_CURVE('',#5352,#5039,#5715,.T.);
#5715 = LINE('',#5716,#5717);
#5716 = CARTESIAN_POINT('',(159.1,17.5,-0.5));
#5717 = VECTOR('',#5718,1.);
#5718 = DIRECTION('',(0.,0.,1.));
#5719 = ORIENTED_EDGE('',*,*,#5036,.F.);
#5720 = PLANE('',#5721);
#5721 = AXIS2_PLACEMENT_3D('',#5722,#5723,#5724);
#5722 = CARTESIAN_POINT('',(159.1,17.5,-0.5));
#5723 = DIRECTION('',(-0.,1.,0.));
#5724 = DIRECTION('',(0.,0.,1.));
#5725 = ADVANCED_FACE('',(#5726),#5737,.F.);
#5726 = FACE_BOUND('',#5727,.F.);
#5727 = EDGE_LOOP('',(#5728,#5729,#5730,#5736));
#5728 = ORIENTED_EDGE('',*,*,#5707,.F.);
#5729 = ORIENTED_EDGE('',*,*,#5375,.T.);
#5730 = ORIENTED_EDGE('',*,*,#5731,.T.);
#5731 = EDGE_CURVE('',#5368,#5055,#5732,.T.);
#5732 = LINE('',#5733,#5734);
#5733 = CARTESIAN_POINT('',(160.1,19.5,-0.5));
#5734 = VECTOR('',#5735,1.);
#5735 = DIRECTION('',(0.,0.,1.));
#5736 = ORIENTED_EDGE('',*,*,#5062,.F.);
#5737 = PLANE('',#5738);
#5738 = AXIS2_PLACEMENT_3D('',#5739,#5740,#5741);
#5739 = CARTESIAN_POINT('',(160.1,17.5,-0.5));
#5740 = DIRECTION('',(1.,0.,-0.));
#5741 = DIRECTION('',(0.,0.,1.));
#5742 = ADVANCED_FACE('',(#5743),#5754,.T.);
#5743 = FACE_BOUND('',#5744,.T.);
#5744 = EDGE_LOOP('',(#5745,#5746,#5747,#5753));
#5745 = ORIENTED_EDGE('',*,*,#5714,.F.);
#5746 = ORIENTED_EDGE('',*,*,#5359,.T.);
#5747 = ORIENTED_EDGE('',*,*,#5748,.T.);
#5748 = EDGE_CURVE('',#5360,#5047,#5749,.T.);
#5749 = LINE('',#5750,#5751);
#5750 = CARTESIAN_POINT('',(159.1,19.5,-0.5));
#5751 = VECTOR('',#5752,1.);
#5752 = DIRECTION('',(0.,0.,1.));
#5753 = ORIENTED_EDGE('',*,*,#5046,.F.);
#5754 = PLANE('',#5755);
#5755 = AXIS2_PLACEMENT_3D('',#5756,#5757,#5758);
#5756 = CARTESIAN_POINT('',(159.1,17.5,-0.5));
#5757 = DIRECTION('',(1.,0.,-0.));
#5758 = DIRECTION('',(0.,0.,1.));
#5759 = ADVANCED_FACE('',(#5760),#5766,.F.);
#5760 = FACE_BOUND('',#5761,.F.);
#5761 = EDGE_LOOP('',(#5762,#5763,#5764,#5765));
#5762 = ORIENTED_EDGE('',*,*,#5731,.F.);
#5763 = ORIENTED_EDGE('',*,*,#5367,.T.);
#5764 = ORIENTED_EDGE('',*,*,#5748,.T.);
#5765 = ORIENTED_EDGE('',*,*,#5054,.F.);
#5766 = PLANE('',#5767);
#5767 = AXIS2_PLACEMENT_3D('',#5768,#5769,#5770);
#5768 = CARTESIAN_POINT('',(159.1,19.5,-0.5));
#5769 = DIRECTION('',(-0.,1.,0.));
#5770 = DIRECTION('',(0.,0.,1.));
#5771 = ADVANCED_FACE('',(#5772),#5788,.T.);
#5772 = FACE_BOUND('',#5773,.T.);
#5773 = EDGE_LOOP('',(#5774,#5780,#5781,#5787));
#5774 = ORIENTED_EDGE('',*,*,#5775,.F.);
#5775 = EDGE_CURVE('',#5384,#5071,#5776,.T.);
#5776 = LINE('',#5777,#5778);
#5777 = CARTESIAN_POINT('',(161.9,17.5,-0.5));
#5778 = VECTOR('',#5779,1.);
#5779 = DIRECTION('',(0.,0.,1.));
#5780 = ORIENTED_EDGE('',*,*,#5383,.T.);
#5781 = ORIENTED_EDGE('',*,*,#5782,.T.);
#5782 = EDGE_CURVE('',#5386,#5073,#5783,.T.);
#5783 = LINE('',#5784,#5785);
#5784 = CARTESIAN_POINT('',(160.9,17.5,-0.5));
#5785 = VECTOR('',#5786,1.);
#5786 = DIRECTION('',(0.,0.,1.));
#5787 = ORIENTED_EDGE('',*,*,#5070,.F.);
#5788 = PLANE('',#5789);
#5789 = AXIS2_PLACEMENT_3D('',#5790,#5791,#5792);
#5790 = CARTESIAN_POINT('',(160.9,17.5,-0.5));
#5791 = DIRECTION('',(-0.,1.,0.));
#5792 = DIRECTION('',(0.,0.,1.));
#5793 = ADVANCED_FACE('',(#5794),#5805,.F.);
#5794 = FACE_BOUND('',#5795,.F.);
#5795 = EDGE_LOOP('',(#5796,#5797,#5798,#5804));
#5796 = ORIENTED_EDGE('',*,*,#5775,.F.);
#5797 = ORIENTED_EDGE('',*,*,#5409,.T.);
#5798 = ORIENTED_EDGE('',*,*,#5799,.T.);
#5799 = EDGE_CURVE('',#5402,#5089,#5800,.T.);
#5800 = LINE('',#5801,#5802);
#5801 = CARTESIAN_POINT('',(161.9,19.5,-0.5));
#5802 = VECTOR('',#5803,1.);
#5803 = DIRECTION('',(0.,0.,1.));
#5804 = ORIENTED_EDGE('',*,*,#5096,.F.);
#5805 = PLANE('',#5806);
#5806 = AXIS2_PLACEMENT_3D('',#5807,#5808,#5809);
#5807 = CARTESIAN_POINT('',(161.9,17.5,-0.5));
#5808 = DIRECTION('',(1.,0.,-0.));
#5809 = DIRECTION('',(0.,0.,1.));
#5810 = ADVANCED_FACE('',(#5811),#5822,.T.);
#5811 = FACE_BOUND('',#5812,.T.);
#5812 = EDGE_LOOP('',(#5813,#5814,#5815,#5821));
#5813 = ORIENTED_EDGE('',*,*,#5782,.F.);
#5814 = ORIENTED_EDGE('',*,*,#5393,.T.);
#5815 = ORIENTED_EDGE('',*,*,#5816,.T.);
#5816 = EDGE_CURVE('',#5394,#5081,#5817,.T.);
#5817 = LINE('',#5818,#5819);
#5818 = CARTESIAN_POINT('',(160.9,19.5,-0.5));
#5819 = VECTOR('',#5820,1.);
#5820 = DIRECTION('',(0.,0.,1.));
#5821 = ORIENTED_EDGE('',*,*,#5080,.F.);
#5822 = PLANE('',#5823);
#5823 = AXIS2_PLACEMENT_3D('',#5824,#5825,#5826);
#5824 = CARTESIAN_POINT('',(160.9,17.5,-0.5));
#5825 = DIRECTION('',(1.,0.,-0.));
#5826 = DIRECTION('',(0.,0.,1.));
#5827 = ADVANCED_FACE('',(#5828),#5834,.F.);
#5828 = FACE_BOUND('',#5829,.F.);
#5829 = EDGE_LOOP('',(#5830,#5831,#5832,#5833));
#5830 = ORIENTED_EDGE('',*,*,#5799,.F.);
#5831 = ORIENTED_EDGE('',*,*,#5401,.T.);
#5832 = ORIENTED_EDGE('',*,*,#5816,.T.);
#5833 = ORIENTED_EDGE('',*,*,#5088,.F.);
#5834 = PLANE('',#5835);
#5835 = AXIS2_PLACEMENT_3D('',#5836,#5837,#5838);
#5836 = CARTESIAN_POINT('',(160.9,19.5,-0.5));
#5837 = DIRECTION('',(-0.,1.,0.));
#5838 = DIRECTION('',(0.,0.,1.));
#5839 = ADVANCED_FACE('',(#5840),#5856,.T.);
#5840 = FACE_BOUND('',#5841,.T.);
#5841 = EDGE_LOOP('',(#5842,#5848,#5849,#5855));
#5842 = ORIENTED_EDGE('',*,*,#5843,.F.);
#5843 = EDGE_CURVE('',#5418,#5105,#5844,.T.);
#5844 = LINE('',#5845,#5846);
#5845 = CARTESIAN_POINT('',(163.7,17.5,-0.5));
#5846 = VECTOR('',#5847,1.);
#5847 = DIRECTION('',(0.,0.,1.));
#5848 = ORIENTED_EDGE('',*,*,#5417,.T.);
#5849 = ORIENTED_EDGE('',*,*,#5850,.T.);
#5850 = EDGE_CURVE('',#5420,#5107,#5851,.T.);
#5851 = LINE('',#5852,#5853);
#5852 = CARTESIAN_POINT('',(162.7,17.5,-0.5));
#5853 = VECTOR('',#5854,1.);
#5854 = DIRECTION('',(0.,0.,1.));
#5855 = ORIENTED_EDGE('',*,*,#5104,.F.);
#5856 = PLANE('',#5857);
#5857 = AXIS2_PLACEMENT_3D('',#5858,#5859,#5860);
#5858 = CARTESIAN_POINT('',(162.7,17.5,-0.5));
#5859 = DIRECTION('',(-0.,1.,0.));
#5860 = DIRECTION('',(0.,0.,1.));
#5861 = ADVANCED_FACE('',(#5862),#5873,.F.);
#5862 = FACE_BOUND('',#5863,.F.);
#5863 = EDGE_LOOP('',(#5864,#5865,#5866,#5872));
#5864 = ORIENTED_EDGE('',*,*,#5843,.F.);
#5865 = ORIENTED_EDGE('',*,*,#5443,.T.);
#5866 = ORIENTED_EDGE('',*,*,#5867,.T.);
#5867 = EDGE_CURVE('',#5436,#5123,#5868,.T.);
#5868 = LINE('',#5869,#5870);
#5869 = CARTESIAN_POINT('',(163.7,19.5,-0.5));
#5870 = VECTOR('',#5871,1.);
#5871 = DIRECTION('',(0.,0.,1.));
#5872 = ORIENTED_EDGE('',*,*,#5130,.F.);
#5873 = PLANE('',#5874);
#5874 = AXIS2_PLACEMENT_3D('',#5875,#5876,#5877);
#5875 = CARTESIAN_POINT('',(163.7,17.5,-0.5));
#5876 = DIRECTION('',(1.,0.,-0.));
#5877 = DIRECTION('',(0.,0.,1.));
#5878 = ADVANCED_FACE('',(#5879),#5890,.T.);
#5879 = FACE_BOUND('',#5880,.T.);
#5880 = EDGE_LOOP('',(#5881,#5882,#5883,#5889));
#5881 = ORIENTED_EDGE('',*,*,#5850,.F.);
#5882 = ORIENTED_EDGE('',*,*,#5427,.T.);
#5883 = ORIENTED_EDGE('',*,*,#5884,.T.);
#5884 = EDGE_CURVE('',#5428,#5115,#5885,.T.);
#5885 = LINE('',#5886,#5887);
#5886 = CARTESIAN_POINT('',(162.7,19.5,-0.5));
#5887 = VECTOR('',#5888,1.);
#5888 = DIRECTION('',(0.,0.,1.));
#5889 = ORIENTED_EDGE('',*,*,#5114,.F.);
#5890 = PLANE('',#5891);
#5891 = AXIS2_PLACEMENT_3D('',#5892,#5893,#5894);
#5892 = CARTESIAN_POINT('',(162.7,17.5,-0.5));
#5893 = DIRECTION('',(1.,0.,-0.));
#5894 = DIRECTION('',(0.,0.,1.));
#5895 = ADVANCED_FACE('',(#5896),#5902,.F.);
#5896 = FACE_BOUND('',#5897,.F.);
#5897 = EDGE_LOOP('',(#5898,#5899,#5900,#5901));
#5898 = ORIENTED_EDGE('',*,*,#5867,.F.);
#5899 = ORIENTED_EDGE('',*,*,#5435,.T.);
#5900 = ORIENTED_EDGE('',*,*,#5884,.T.);
#5901 = ORIENTED_EDGE('',*,*,#5122,.F.);
#5902 = PLANE('',#5903);
#5903 = AXIS2_PLACEMENT_3D('',#5904,#5905,#5906);
#5904 = CARTESIAN_POINT('',(162.7,19.5,-0.5));
#5905 = DIRECTION('',(-0.,1.,0.));
#5906 = DIRECTION('',(0.,0.,1.));
#5907 = ADVANCED_FACE('',(#5908),#5924,.T.);
#5908 = FACE_BOUND('',#5909,.T.);
#5909 = EDGE_LOOP('',(#5910,#5916,#5917,#5923));
#5910 = ORIENTED_EDGE('',*,*,#5911,.F.);
#5911 = EDGE_CURVE('',#5452,#5139,#5912,.T.);
#5912 = LINE('',#5913,#5914);
#5913 = CARTESIAN_POINT('',(165.5,17.5,-0.5));
#5914 = VECTOR('',#5915,1.);
#5915 = DIRECTION('',(0.,0.,1.));
#5916 = ORIENTED_EDGE('',*,*,#5451,.T.);
#5917 = ORIENTED_EDGE('',*,*,#5918,.T.);
#5918 = EDGE_CURVE('',#5454,#5141,#5919,.T.);
#5919 = LINE('',#5920,#5921);
#5920 = CARTESIAN_POINT('',(164.5,17.5,-0.5));
#5921 = VECTOR('',#5922,1.);
#5922 = DIRECTION('',(0.,0.,1.));
#5923 = ORIENTED_EDGE('',*,*,#5138,.F.);
#5924 = PLANE('',#5925);
#5925 = AXIS2_PLACEMENT_3D('',#5926,#5927,#5928);
#5926 = CARTESIAN_POINT('',(164.5,17.5,-0.5));
#5927 = DIRECTION('',(-0.,1.,0.));
#5928 = DIRECTION('',(0.,0.,1.));
#5929 = ADVANCED_FACE('',(#5930),#5941,.F.);
#5930 = FACE_BOUND('',#5931,.F.);
#5931 = EDGE_LOOP('',(#5932,#5933,#5934,#5940));
#5932 = ORIENTED_EDGE('',*,*,#5911,.F.);
#5933 = ORIENTED_EDGE('',*,*,#5477,.T.);
#5934 = ORIENTED_EDGE('',*,*,#5935,.T.);
#5935 = EDGE_CURVE('',#5470,#5157,#5936,.T.);
#5936 = LINE('',#5937,#5938);
#5937 = CARTESIAN_POINT('',(165.5,19.5,-0.5));
#5938 = VECTOR('',#5939,1.);
#5939 = DIRECTION('',(0.,0.,1.));
#5940 = ORIENTED_EDGE('',*,*,#5164,.F.);
#5941 = PLANE('',#5942);
#5942 = AXIS2_PLACEMENT_3D('',#5943,#5944,#5945);
#5943 = CARTESIAN_POINT('',(165.5,17.5,-0.5));
#5944 = DIRECTION('',(1.,0.,-0.));
#5945 = DIRECTION('',(0.,0.,1.));
#5946 = ADVANCED_FACE('',(#5947),#5958,.T.);
#5947 = FACE_BOUND('',#5948,.T.);
#5948 = EDGE_LOOP('',(#5949,#5950,#5951,#5957));
#5949 = ORIENTED_EDGE('',*,*,#5918,.F.);
#5950 = ORIENTED_EDGE('',*,*,#5461,.T.);
#5951 = ORIENTED_EDGE('',*,*,#5952,.T.);
#5952 = EDGE_CURVE('',#5462,#5149,#5953,.T.);
#5953 = LINE('',#5954,#5955);
#5954 = CARTESIAN_POINT('',(164.5,19.5,-0.5));
#5955 = VECTOR('',#5956,1.);
#5956 = DIRECTION('',(0.,0.,1.));
#5957 = ORIENTED_EDGE('',*,*,#5148,.F.);
#5958 = PLANE('',#5959);
#5959 = AXIS2_PLACEMENT_3D('',#5960,#5961,#5962);
#5960 = CARTESIAN_POINT('',(164.5,17.5,-0.5));
#5961 = DIRECTION('',(1.,0.,-0.));
#5962 = DIRECTION('',(0.,0.,1.));
#5963 = ADVANCED_FACE('',(#5964),#5970,.F.);
#5964 = FACE_BOUND('',#5965,.F.);
#5965 = EDGE_LOOP('',(#5966,#5967,#5968,#5969));
#5966 = ORIENTED_EDGE('',*,*,#5935,.F.);
#5967 = ORIENTED_EDGE('',*,*,#5469,.T.);
#5968 = ORIENTED_EDGE('',*,*,#5952,.T.);
#5969 = ORIENTED_EDGE('',*,*,#5156,.F.);
#5970 = PLANE('',#5971);
#5971 = AXIS2_PLACEMENT_3D('',#5972,#5973,#5974);
#5972 = CARTESIAN_POINT('',(164.5,19.5,-0.5));
#5973 = DIRECTION('',(-0.,1.,0.));
#5974 = DIRECTION('',(0.,0.,1.));
#5975 = ADVANCED_FACE('',(#5976),#5992,.T.);
#5976 = FACE_BOUND('',#5977,.T.);
#5977 = EDGE_LOOP('',(#5978,#5984,#5985,#5991));
#5978 = ORIENTED_EDGE('',*,*,#5979,.F.);
#5979 = EDGE_CURVE('',#5486,#5173,#5980,.T.);
#5980 = LINE('',#5981,#5982);
#5981 = CARTESIAN_POINT('',(167.3,17.5,-0.5));
#5982 = VECTOR('',#5983,1.);
#5983 = DIRECTION('',(0.,0.,1.));
#5984 = ORIENTED_EDGE('',*,*,#5485,.T.);
#5985 = ORIENTED_EDGE('',*,*,#5986,.T.);
#5986 = EDGE_CURVE('',#5488,#5175,#5987,.T.);
#5987 = LINE('',#5988,#5989);
#5988 = CARTESIAN_POINT('',(166.3,17.5,-0.5));
#5989 = VECTOR('',#5990,1.);
#5990 = DIRECTION('',(0.,0.,1.));
#5991 = ORIENTED_EDGE('',*,*,#5172,.F.);
#5992 = PLANE('',#5993);
#5993 = AXIS2_PLACEMENT_3D('',#5994,#5995,#5996);
#5994 = CARTESIAN_POINT('',(166.3,17.5,-0.5));
#5995 = DIRECTION('',(-0.,1.,0.));
#5996 = DIRECTION('',(0.,0.,1.));
#5997 = ADVANCED_FACE('',(#5998),#6009,.F.);
#5998 = FACE_BOUND('',#5999,.F.);
#5999 = EDGE_LOOP('',(#6000,#6001,#6002,#6008));
#6000 = ORIENTED_EDGE('',*,*,#5979,.F.);
#6001 = ORIENTED_EDGE('',*,*,#5511,.T.);
#6002 = ORIENTED_EDGE('',*,*,#6003,.T.);
#6003 = EDGE_CURVE('',#5504,#5191,#6004,.T.);
#6004 = LINE('',#6005,#6006);
#6005 = CARTESIAN_POINT('',(167.3,19.5,-0.5));
#6006 = VECTOR('',#6007,1.);
#6007 = DIRECTION('',(0.,0.,1.));
#6008 = ORIENTED_EDGE('',*,*,#5198,.F.);
#6009 = PLANE('',#6010);
#6010 = AXIS2_PLACEMENT_3D('',#6011,#6012,#6013);
#6011 = CARTESIAN_POINT('',(167.3,17.5,-0.5));
#6012 = DIRECTION('',(1.,0.,-0.));
#6013 = DIRECTION('',(0.,0.,1.));
#6014 = ADVANCED_FACE('',(#6015),#6026,.T.);
#6015 = FACE_BOUND('',#6016,.T.);
#6016 = EDGE_LOOP('',(#6017,#6018,#6019,#6025));
#6017 = ORIENTED_EDGE('',*,*,#5986,.F.);
#6018 = ORIENTED_EDGE('',*,*,#5495,.T.);
#6019 = ORIENTED_EDGE('',*,*,#6020,.T.);
#6020 = EDGE_CURVE('',#5496,#5183,#6021,.T.);
#6021 = LINE('',#6022,#6023);
#6022 = CARTESIAN_POINT('',(166.3,19.5,-0.5));
#6023 = VECTOR('',#6024,1.);
#6024 = DIRECTION('',(0.,0.,1.));
#6025 = ORIENTED_EDGE('',*,*,#5182,.F.);
#6026 = PLANE('',#6027);
#6027 = AXIS2_PLACEMENT_3D('',#6028,#6029,#6030);
#6028 = CARTESIAN_POINT('',(166.3,17.5,-0.5));
#6029 = DIRECTION('',(1.,0.,-0.));
#6030 = DIRECTION('',(0.,0.,1.));
#6031 = ADVANCED_FACE('',(#6032),#6038,.F.);
#6032 = FACE_BOUND('',#6033,.F.);
#6033 = EDGE_LOOP('',(#6034,#6035,#6036,#6037));
#6034 = ORIENTED_EDGE('',*,*,#6003,.F.);
#6035 = ORIENTED_EDGE('',*,*,#5503,.T.);
#6036 = ORIENTED_EDGE('',*,*,#6020,.T.);
#6037 = ORIENTED_EDGE('',*,*,#5190,.F.);
#6038 = PLANE('',#6039);
#6039 = AXIS2_PLACEMENT_3D('',#6040,#6041,#6042);
#6040 = CARTESIAN_POINT('',(166.3,19.5,-0.5));
#6041 = DIRECTION('',(-0.,1.,0.));
#6042 = DIRECTION('',(0.,0.,1.));
#6043 = ADVANCED_FACE('',(#6044),#6060,.T.);
#6044 = FACE_BOUND('',#6045,.T.);
#6045 = EDGE_LOOP('',(#6046,#6052,#6053,#6059));
#6046 = ORIENTED_EDGE('',*,*,#6047,.F.);
#6047 = EDGE_CURVE('',#5520,#5207,#6048,.T.);
#6048 = LINE('',#6049,#6050);
#6049 = CARTESIAN_POINT('',(169.1,17.5,-0.5));
#6050 = VECTOR('',#6051,1.);
#6051 = DIRECTION('',(0.,0.,1.));
#6052 = ORIENTED_EDGE('',*,*,#5519,.T.);
#6053 = ORIENTED_EDGE('',*,*,#6054,.T.);
#6054 = EDGE_CURVE('',#5522,#5209,#6055,.T.);
#6055 = LINE('',#6056,#6057);
#6056 = CARTESIAN_POINT('',(168.1,17.5,-0.5));
#6057 = VECTOR('',#6058,1.);
#6058 = DIRECTION('',(0.,0.,1.));
#6059 = ORIENTED_EDGE('',*,*,#5206,.F.);
#6060 = PLANE('',#6061);
#6061 = AXIS2_PLACEMENT_3D('',#6062,#6063,#6064);
#6062 = CARTESIAN_POINT('',(168.1,17.5,-0.5));
#6063 = DIRECTION('',(-0.,1.,0.));
#6064 = DIRECTION('',(0.,0.,1.));
#6065 = ADVANCED_FACE('',(#6066),#6077,.F.);
#6066 = FACE_BOUND('',#6067,.F.);
#6067 = EDGE_LOOP('',(#6068,#6069,#6070,#6076));
#6068 = ORIENTED_EDGE('',*,*,#6047,.F.);
#6069 = ORIENTED_EDGE('',*,*,#5545,.T.);
#6070 = ORIENTED_EDGE('',*,*,#6071,.T.);
#6071 = EDGE_CURVE('',#5538,#5225,#6072,.T.);
#6072 = LINE('',#6073,#6074);
#6073 = CARTESIAN_POINT('',(169.1,19.5,-0.5));
#6074 = VECTOR('',#6075,1.);
#6075 = DIRECTION('',(0.,0.,1.));
#6076 = ORIENTED_EDGE('',*,*,#5232,.F.);
#6077 = PLANE('',#6078);
#6078 = AXIS2_PLACEMENT_3D('',#6079,#6080,#6081);
#6079 = CARTESIAN_POINT('',(169.1,17.5,-0.5));
#6080 = DIRECTION('',(1.,0.,-0.));
#6081 = DIRECTION('',(0.,0.,1.));
#6082 = ADVANCED_FACE('',(#6083),#6094,.F.);
#6083 = FACE_BOUND('',#6084,.F.);
#6084 = EDGE_LOOP('',(#6085,#6086,#6087,#6093));
#6085 = ORIENTED_EDGE('',*,*,#6071,.F.);
#6086 = ORIENTED_EDGE('',*,*,#5537,.T.);
#6087 = ORIENTED_EDGE('',*,*,#6088,.T.);
#6088 = EDGE_CURVE('',#5530,#5217,#6089,.T.);
#6089 = LINE('',#6090,#6091);
#6090 = CARTESIAN_POINT('',(168.1,19.5,-0.5));
#6091 = VECTOR('',#6092,1.);
#6092 = DIRECTION('',(0.,0.,1.));
#6093 = ORIENTED_EDGE('',*,*,#5224,.F.);
#6094 = PLANE('',#6095);
#6095 = AXIS2_PLACEMENT_3D('',#6096,#6097,#6098);
#6096 = CARTESIAN_POINT('',(168.1,19.5,-0.5));
#6097 = DIRECTION('',(-0.,1.,0.));
#6098 = DIRECTION('',(0.,0.,1.));
#6099 = ADVANCED_FACE('',(#6100),#6106,.T.);
#6100 = FACE_BOUND('',#6101,.T.);
#6101 = EDGE_LOOP('',(#6102,#6103,#6104,#6105));
#6102 = ORIENTED_EDGE('',*,*,#6054,.F.);
#6103 = ORIENTED_EDGE('',*,*,#5529,.T.);
#6104 = ORIENTED_EDGE('',*,*,#6088,.T.);
#6105 = ORIENTED_EDGE('',*,*,#5216,.F.);
#6106 = PLANE('',#6107);
#6107 = AXIS2_PLACEMENT_3D('',#6108,#6109,#6110);
#6108 = CARTESIAN_POINT('',(168.1,17.5,-0.5));
#6109 = DIRECTION('',(1.,0.,-0.));
#6110 = DIRECTION('',(0.,0.,1.));
#6111 = ( GEOMETRIC_REPRESENTATION_CONTEXT(3) 
GLOBAL_UNCERTAINTY_ASSIGNED_CONTEXT((#6115)) 
GLOBAL_UNIT_ASSIGNED_CONTEXT((#6112,#6113,#6114)) REPRESENTATION_CONTEXT
('Context #1','3D Context with UNIT and UNCERTAINTY') );
#6112 = ( LENGTH_UNIT() NAMED_UNIT(*) SI_UNIT(.MILLI.,.METRE.) );
#6113 = ( NAMED_UNIT(*) PLANE_ANGLE_UNIT() SI_UNIT($,.RADIAN.) );
#6114 = ( NAMED_UNIT(*) SI_UNIT($,.STERADIAN.) SOLID_ANGLE_UNIT() );
#6115 = UNCERTAINTY_MEASURE_WITH_UNIT(LENGTH_MEASURE(2.E-07),#6112,
  'distance_accuracy_value','confusion accuracy');
#6116 = PRODUCT_RELATED_PRODUCT_CATEGORY('part',$,(#7));
ENDSEC;
END-ISO-10303-21;
